DATATYPE,DATATYPESUBCATEGORY,PURPOSE,PURPOSESUBCATEGORY,COMPANIES,USERCONTROLFACEBOOK
DRIVER'S LICENSE NUMBER,PERSONAL DATA,ADVERTISING,ADVERTISING,AMAZON,
SOCIAL SECURITY NUMBER,PERSONAL DATA,ADVERTISING,ADVERTISING,AMAZON,
DEVICE IDENTIFIERS,DEVICE INFO,ANY PURPOSE,ANY PURPOSE,AMAZON,
DRIVER'S LICENSE NUMBER,PERSONAL DATA,IMPROVE PRODUCTS,ANALYTICS,AMAZON,
SOCIAL SECURITY NUMBER,PERSONAL DATA,IMPROVE PRODUCTS,ANALYTICS,AMAZON,
DRIVER'S LICENSE NUMBER,PERSONAL DATA,LEARN USERS' BEHAVIOR,ANALYTICS,AMAZON,
SOCIAL SECURITY NUMBER,PERSONAL DATA,LEARN USERS' BEHAVIOR,ANALYTICS,AMAZON,
DATE OF BIRTH,PERSONAL DATA,LOCATION-BASED SERVICES,OPERATIONS,AMAZON,
DRIVER'S LICENSE NUMBER,PERSONAL DATA,PERSONALIZE CONTENT,ANALYTICS,AMAZON,
PAYMENT CARD INFORMATION,PERSONAL DATA,ADVERTISING,ADVERTISING,"AMAZON,APPLE",
APP INFORMATION,BEHAVIOR ON DEVICE,ANY PURPOSE,ANY PURPOSE,"AMAZON,APPLE",
BEHAVIOR ON DEVICES,BEHAVIOR ON DEVICE,ANY PURPOSE,ANY PURPOSE,"AMAZON,APPLE",
CAMERA INFORMATION,DEVICE INFO,ANY PURPOSE,ANY PURPOSE,"AMAZON,APPLE",
CURRENT LOCATION,LOCATION FROM DEVICE,ANY PURPOSE,ANY PURPOSE,"AMAZON,APPLE",
DEVICE INFORMATION,DEVICE INFO,ANY PURPOSE,ANY PURPOSE,"AMAZON,APPLE",
DEVICE SETTINGS,DEVICE INFO,ANY PURPOSE,ANY PURPOSE,"AMAZON,APPLE",
DEVICE SIGNALS,DEVICE SIGNALS,ANY PURPOSE,ANY PURPOSE,"AMAZON,APPLE",
LOCATION HISTORY,LOCATION FROM DEVICE,ANY PURPOSE,ANY PURPOSE,"AMAZON,APPLE",
NETWORK INFORMATION,DEVICE INFO,ANY PURPOSE,ANY PURPOSE,"AMAZON,APPLE",
NON-PERSONAL DATA,NON-PERSONAL DATA,ANY PURPOSE,ANY PURPOSE,"AMAZON,APPLE",
CUSTOMER SERVICE COMMUNICATIONS,PRODUCT USE,ANY PURPOSE,ANY PURPOSE,"AMAZON,APPLE",
PRODUCT USE,PRODUCT USE,ANY PURPOSE,ANY PURPOSE,"AMAZON,APPLE",
FEATURES USE,PRODUCT USE,ANY PURPOSE,ANY PURPOSE,"AMAZON,APPLE",
ACTIVE STATUS,PRODUCT USE,ANY PURPOSE,ANY PURPOSE,"AMAZON,APPLE",
CONTENT CREATED/UPLOADED,PRODUCT USE,ANY PURPOSE,ANY PURPOSE,"AMAZON,APPLE",
AD INTERACTIONS,PRODUCT USE,ANY PURPOSE,ANY PURPOSE,"AMAZON,APPLE",
PUBLIC DATA,NON-PERSONAL DATA,ANY PURPOSE,ANY PURPOSE,"AMAZON,APPLE",
SERVICE PROVIDER INFORMATION,DEVICE SIGNALS,ANY PURPOSE,ANY PURPOSE,"AMAZON,APPLE",
CREDIT HISTORY,PERSONAL DATA,IMPROVE PRODUCTS,ANALYTICS,"AMAZON,APPLE",
PAYMENT CARD INFORMATION,PERSONAL DATA,IMPROVE PRODUCTS,ANALYTICS,"AMAZON,APPLE",
PURCHASE HISTORY,NON-PERSONAL DATA,IMPROVE PRODUCTS,ANALYTICS,"AMAZON,APPLE",
PAYMENT CARD INFORMATION,PERSONAL DATA,LEARN USERS' BEHAVIOR,ANALYTICS,"AMAZON,APPLE",
SEARCHES,NON-PERSONAL DATA,PROTECT COMPANY,SAFETY AND SECURITY,"AMAZON,APPLE",
CAMERA INFORMATION,DEVICE INFO,ADVERTISING,ADVERTISING,"AMAZON,APPLE,FACEBOOK",No
PURCHASE HISTORY,NON-PERSONAL DATA,ADVERTISING,ADVERTISING,"AMAZON,APPLE,FACEBOOK",No
BIOMETRICS,PERSONAL DATA,ANALYTICS,ANALYTICS,"AMAZON,APPLE,FACEBOOK",No
PAYMENT CARD INFORMATION,PERSONAL DATA,ANALYTICS,ANALYTICS,"AMAZON,APPLE,FACEBOOK",No
NAME,PERSONAL DATA,LOCATION-BASED SERVICES,OPERATIONS,"AMAZON,APPLE,FACEBOOK",No
ACCOUNT INFORMATION,PERSONAL DATA,ACCOUNT SECURITY,SAFETY AND SECURITY,"AMAZON,APPLE,FACEBOOK,GOOGLE",No
APP INFORMATION,BEHAVIOR ON DEVICE,ACCOUNT SECURITY,SAFETY AND SECURITY,"AMAZON,APPLE,FACEBOOK,GOOGLE",No
BEHAVIOR ON DEVICES,BEHAVIOR ON DEVICE,ACCOUNT SECURITY,SAFETY AND SECURITY,"AMAZON,APPLE,FACEBOOK,GOOGLE",No
CALL/MESSAGE METADATA,BEHAVIOR ON DEVICE,ACCOUNT SECURITY,SAFETY AND SECURITY,"AMAZON,APPLE,FACEBOOK,GOOGLE",No
CAMERA INFORMATION,DEVICE INFO,ACCOUNT SECURITY,SAFETY AND SECURITY,"AMAZON,APPLE,FACEBOOK,GOOGLE",No
CONTACTS' INFORMATION,PERSONAL DATA,ACCOUNT SECURITY,SAFETY AND SECURITY,"AMAZON,APPLE,FACEBOOK,GOOGLE",No
CURRENT LOCATION,LOCATION FROM DEVICE,ACCOUNT SECURITY,SAFETY AND SECURITY,"AMAZON,APPLE,FACEBOOK,GOOGLE",No
DATE OF BIRTH,PERSONAL DATA,ACCOUNT SECURITY,SAFETY AND SECURITY,"AMAZON,APPLE,FACEBOOK,GOOGLE",No
DEMOGRAPHICS,NON-PERSONAL DATA,ACCOUNT SECURITY,SAFETY AND SECURITY,"AMAZON,APPLE,FACEBOOK,GOOGLE",No
DEVICE IDENTIFIERS,DEVICE INFO,ACCOUNT SECURITY,SAFETY AND SECURITY,"AMAZON,APPLE,FACEBOOK,GOOGLE",No
DEVICE INFORMATION,DEVICE INFO,ACCOUNT SECURITY,SAFETY AND SECURITY,"AMAZON,APPLE,FACEBOOK,GOOGLE",No
DEVICE SETTINGS,DEVICE INFO,ACCOUNT SECURITY,SAFETY AND SECURITY,"AMAZON,APPLE,FACEBOOK,GOOGLE",No
DEVICE SIGNALS,DEVICE SIGNALS,ACCOUNT SECURITY,SAFETY AND SECURITY,"AMAZON,APPLE,FACEBOOK,GOOGLE",No
IP ADDRESS,DEVICE INFO,ACCOUNT SECURITY,SAFETY AND SECURITY,"AMAZON,APPLE,FACEBOOK,GOOGLE",No
LOCATION HISTORY,LOCATION FROM DEVICE,ACCOUNT SECURITY,SAFETY AND SECURITY,"AMAZON,APPLE,FACEBOOK,GOOGLE",No
LOGIN INFORMATION,PERSONAL DATA,ACCOUNT SECURITY,SAFETY AND SECURITY,"AMAZON,APPLE,FACEBOOK,GOOGLE",No
NAME,PERSONAL DATA,ACCOUNT SECURITY,SAFETY AND SECURITY,"AMAZON,APPLE,FACEBOOK,GOOGLE",No
NETWORK INFORMATION,DEVICE INFO,ACCOUNT SECURITY,SAFETY AND SECURITY,"AMAZON,APPLE,FACEBOOK,GOOGLE",No
NON-PERSONAL DATA,NON-PERSONAL DATA,ACCOUNT SECURITY,SAFETY AND SECURITY,"AMAZON,APPLE,FACEBOOK,GOOGLE",No
PAYMENT CARD INFORMATION,PERSONAL DATA,ACCOUNT SECURITY,SAFETY AND SECURITY,"AMAZON,APPLE,FACEBOOK,GOOGLE",No
PHOTOGRAPH FROM PROFILE,PERSONAL DATA,ACCOUNT SECURITY,SAFETY AND SECURITY,"AMAZON,APPLE,FACEBOOK,GOOGLE",No
PRODUCT USE,PRODUCT USE,ACCOUNT SECURITY,SAFETY AND SECURITY,"AMAZON,APPLE,FACEBOOK,GOOGLE",No
USE OF OTHER PLATFORMS,PRODUCT USE,ACCOUNT SECURITY,SAFETY AND SECURITY,"AMAZON,APPLE,FACEBOOK,GOOGLE",No
FEATURES USE,PRODUCT USE,ACCOUNT SECURITY,SAFETY AND SECURITY,"AMAZON,APPLE,FACEBOOK,GOOGLE",No
ACTIVE STATUS,PRODUCT USE,ACCOUNT SECURITY,SAFETY AND SECURITY,"AMAZON,APPLE,FACEBOOK,GOOGLE",No
CONTENT CREATED/UPLOADED,PRODUCT USE,ACCOUNT SECURITY,SAFETY AND SECURITY,"AMAZON,APPLE,FACEBOOK,GOOGLE",No
AD INTERACTIONS,PRODUCT USE,ACCOUNT SECURITY,SAFETY AND SECURITY,"AMAZON,APPLE,FACEBOOK,GOOGLE",No
PUBLIC DATA,NON-PERSONAL DATA,ACCOUNT SECURITY,SAFETY AND SECURITY,"AMAZON,APPLE,FACEBOOK,GOOGLE",No
PURCHASE HISTORY,NON-PERSONAL DATA,ACCOUNT SECURITY,SAFETY AND SECURITY,"AMAZON,APPLE,FACEBOOK,GOOGLE",No
SEARCHES,NON-PERSONAL DATA,ACCOUNT SECURITY,SAFETY AND SECURITY,"AMAZON,APPLE,FACEBOOK,GOOGLE",No
SERVICE PROVIDER INFORMATION,DEVICE SIGNALS,ACCOUNT SECURITY,SAFETY AND SECURITY,"AMAZON,APPLE,FACEBOOK,GOOGLE",No
USER'S CONTACT INFORMATION,PERSONAL DATA,ACCOUNT SECURITY,SAFETY AND SECURITY,"AMAZON,APPLE,FACEBOOK,GOOGLE",No
ACCOUNT INFORMATION,PERSONAL DATA,ADVERTISING,ADVERTISING,"AMAZON,APPLE,FACEBOOK,GOOGLE",No
APP INFORMATION,BEHAVIOR ON DEVICE,ADVERTISING,ADVERTISING,"AMAZON,APPLE,FACEBOOK,GOOGLE",Partial
BEHAVIOR ON DEVICES,BEHAVIOR ON DEVICE,ADVERTISING,ADVERTISING,"AMAZON,APPLE,FACEBOOK,GOOGLE",No
CALL/MESSAGE METADATA,BEHAVIOR ON DEVICE,ADVERTISING,ADVERTISING,"AMAZON,APPLE,FACEBOOK,GOOGLE",
CURRENT LOCATION,LOCATION FROM DEVICE,ADVERTISING,ADVERTISING,"AMAZON,APPLE,FACEBOOK,GOOGLE",Partial
DATE OF BIRTH,PERSONAL DATA,ADVERTISING,ADVERTISING,"AMAZON,APPLE,FACEBOOK,GOOGLE",Yes
DEVICE INFORMATION,DEVICE INFO,ADVERTISING,ADVERTISING,"AMAZON,APPLE,FACEBOOK,GOOGLE",No
DEVICE SETTINGS,DEVICE INFO,ADVERTISING,ADVERTISING,"AMAZON,APPLE,FACEBOOK,GOOGLE",No
DEVICE SIGNALS,DEVICE SIGNALS,ADVERTISING,ADVERTISING,"AMAZON,APPLE,FACEBOOK,GOOGLE",No
IP ADDRESS,DEVICE INFO,ADVERTISING,ADVERTISING,"AMAZON,APPLE,FACEBOOK,GOOGLE",No
LOCATION HISTORY,LOCATION FROM DEVICE,ADVERTISING,ADVERTISING,"AMAZON,APPLE,FACEBOOK,GOOGLE",Partial
LOGIN INFORMATION,PERSONAL DATA,ADVERTISING,ADVERTISING,"AMAZON,APPLE,FACEBOOK,GOOGLE",Yes
NAME,PERSONAL DATA,ADVERTISING,ADVERTISING,"AMAZON,APPLE,FACEBOOK,GOOGLE",No
NETWORK INFORMATION,DEVICE INFO,ADVERTISING,ADVERTISING,"AMAZON,APPLE,FACEBOOK,GOOGLE",No
NON-PERSONAL DATA,NON-PERSONAL DATA,ADVERTISING,ADVERTISING,"AMAZON,APPLE,FACEBOOK,GOOGLE",No
PHOTOGRAPH FROM PROFILE,PERSONAL DATA,ADVERTISING,ADVERTISING,"AMAZON,APPLE,FACEBOOK,GOOGLE",No
CUSTOMER SERVICE COMMUNICATIONS,PRODUCT USE,ADVERTISING,ADVERTISING,"AMAZON,APPLE,FACEBOOK,GOOGLE",No
PRODUCT USE,PRODUCT USE,ADVERTISING,ADVERTISING,"AMAZON,APPLE,FACEBOOK,GOOGLE",No
USE OF OTHER PLATFORMS,PRODUCT USE,ADVERTISING,ADVERTISING,"AMAZON,APPLE,FACEBOOK,GOOGLE",No
FEATURES USE,PRODUCT USE,ADVERTISING,ADVERTISING,"AMAZON,APPLE,FACEBOOK,GOOGLE",No
ACTIVE STATUS,PRODUCT USE,ADVERTISING,ADVERTISING,"AMAZON,APPLE,FACEBOOK,GOOGLE",No
CONTENT CREATED/UPLOADED,PRODUCT USE,ADVERTISING,ADVERTISING,"AMAZON,APPLE,FACEBOOK,GOOGLE",No
AD INTERACTIONS,PRODUCT USE,ADVERTISING,ADVERTISING,"AMAZON,APPLE,FACEBOOK,GOOGLE",No
PUBLIC DATA,NON-PERSONAL DATA,ADVERTISING,ADVERTISING,"AMAZON,APPLE,FACEBOOK,GOOGLE",No
SEARCHES,NON-PERSONAL DATA,ADVERTISING,ADVERTISING,"AMAZON,APPLE,FACEBOOK,GOOGLE",No
SERVICE PROVIDER INFORMATION,DEVICE SIGNALS,ADVERTISING,ADVERTISING,"AMAZON,APPLE,FACEBOOK,GOOGLE",No
USER'S CONTACT INFORMATION,PERSONAL DATA,ADVERTISING,ADVERTISING,"AMAZON,APPLE,FACEBOOK,GOOGLE",No
ACCOUNT INFORMATION,PERSONAL DATA,ANALYTICS,ANALYTICS,"AMAZON,APPLE,FACEBOOK,GOOGLE",No
APP INFORMATION,BEHAVIOR ON DEVICE,ANALYTICS,ANALYTICS,"AMAZON,APPLE,FACEBOOK,GOOGLE",No
BEHAVIOR ON DEVICES,BEHAVIOR ON DEVICE,ANALYTICS,ANALYTICS,"AMAZON,APPLE,FACEBOOK,GOOGLE",No
CALL/MESSAGE METADATA,BEHAVIOR ON DEVICE,ANALYTICS,ANALYTICS,"AMAZON,APPLE,FACEBOOK,GOOGLE",
CAMERA INFORMATION,DEVICE INFO,ANALYTICS,ANALYTICS,"AMAZON,APPLE,FACEBOOK,GOOGLE",No
CURRENT LOCATION,LOCATION FROM DEVICE,ANALYTICS,ANALYTICS,"AMAZON,APPLE,FACEBOOK,GOOGLE",No
DATE OF BIRTH,PERSONAL DATA,ANALYTICS,ANALYTICS,"AMAZON,APPLE,FACEBOOK,GOOGLE",No
DEVICE IDENTIFIERS,DEVICE INFO,ANALYTICS,ANALYTICS,"AMAZON,APPLE,FACEBOOK,GOOGLE",No
DEVICE INFORMATION,DEVICE INFO,ANALYTICS,ANALYTICS,"AMAZON,APPLE,FACEBOOK,GOOGLE",No
DEVICE SETTINGS,DEVICE INFO,ANALYTICS,ANALYTICS,"AMAZON,APPLE,FACEBOOK,GOOGLE",No
DEVICE SIGNALS,DEVICE SIGNALS,ANALYTICS,ANALYTICS,"AMAZON,APPLE,FACEBOOK,GOOGLE",No
IP ADDRESS,DEVICE INFO,ANALYTICS,ANALYTICS,"AMAZON,APPLE,FACEBOOK,GOOGLE",No
LOCATION HISTORY,LOCATION FROM DEVICE,ANALYTICS,ANALYTICS,"AMAZON,APPLE,FACEBOOK,GOOGLE",No
LOGIN INFORMATION,PERSONAL DATA,ANALYTICS,ANALYTICS,"AMAZON,APPLE,FACEBOOK,GOOGLE",No
NAME,PERSONAL DATA,ANALYTICS,ANALYTICS,"AMAZON,APPLE,FACEBOOK,GOOGLE",No
NEARBY LOCATIONS AND PEOPLE,LOCATION FROM DEVICE,ANALYTICS,ANALYTICS,"AMAZON,APPLE,FACEBOOK,GOOGLE",No
NETWORK INFORMATION,DEVICE INFO,ANALYTICS,ANALYTICS,"AMAZON,APPLE,FACEBOOK,GOOGLE",No
NON-PERSONAL DATA,NON-PERSONAL DATA,ANALYTICS,ANALYTICS,"AMAZON,APPLE,FACEBOOK,GOOGLE",No
PHOTOGRAPH FROM PROFILE,PERSONAL DATA,ANALYTICS,ANALYTICS,"AMAZON,APPLE,FACEBOOK,GOOGLE",No
PRODUCT USE,PRODUCT USE,ANALYTICS,ANALYTICS,"AMAZON,APPLE,FACEBOOK,GOOGLE",No
USE OF OTHER PLATFORMS,PRODUCT USE,ANALYTICS,ANALYTICS,"AMAZON,APPLE,FACEBOOK,GOOGLE",No
FEATURES USE,PRODUCT USE,ANALYTICS,ANALYTICS,"AMAZON,APPLE,FACEBOOK,GOOGLE",No
ACTIVE STATUS,PRODUCT USE,ANALYTICS,ANALYTICS,"AMAZON,APPLE,FACEBOOK,GOOGLE",No
CONTENT CREATED/UPLOADED,PRODUCT USE,ANALYTICS,ANALYTICS,"AMAZON,APPLE,FACEBOOK,GOOGLE",No
AD INTERACTIONS,PRODUCT USE,ANALYTICS,ANALYTICS,"AMAZON,APPLE,FACEBOOK,GOOGLE",No
SEARCHES,NON-PERSONAL DATA,ANALYTICS,ANALYTICS,"AMAZON,APPLE,FACEBOOK,GOOGLE",No
SERVICE PROVIDER INFORMATION,DEVICE SIGNALS,ANALYTICS,ANALYTICS,"AMAZON,APPLE,FACEBOOK,GOOGLE",No
USER'S CONTACT INFORMATION,PERSONAL DATA,ANALYTICS,ANALYTICS,"AMAZON,APPLE,FACEBOOK,GOOGLE",No
ACCOUNT INFORMATION,PERSONAL DATA,COMPANY OPERATIONS,OPERATIONS,"AMAZON,APPLE,FACEBOOK,GOOGLE",No
APP INFORMATION,BEHAVIOR ON DEVICE,COMPANY OPERATIONS,OPERATIONS,"AMAZON,APPLE,FACEBOOK,GOOGLE",No
BEHAVIOR ON DEVICES,BEHAVIOR ON DEVICE,COMPANY OPERATIONS,OPERATIONS,"AMAZON,APPLE,FACEBOOK,GOOGLE",No
CALL/MESSAGE METADATA,BEHAVIOR ON DEVICE,COMPANY OPERATIONS,OPERATIONS,"AMAZON,APPLE,FACEBOOK,GOOGLE",
CAMERA INFORMATION,DEVICE INFO,COMPANY OPERATIONS,OPERATIONS,"AMAZON,APPLE,FACEBOOK,GOOGLE",No
CONTACTS' INFORMATION,PERSONAL DATA,COMPANY OPERATIONS,OPERATIONS,"AMAZON,APPLE,FACEBOOK,GOOGLE",No
CURRENT LOCATION,LOCATION FROM DEVICE,COMPANY OPERATIONS,OPERATIONS,"AMAZON,APPLE,FACEBOOK,GOOGLE",No
DATE OF BIRTH,PERSONAL DATA,COMPANY OPERATIONS,OPERATIONS,"AMAZON,APPLE,FACEBOOK,GOOGLE",No
DEMOGRAPHICS,NON-PERSONAL DATA,COMPANY OPERATIONS,OPERATIONS,"AMAZON,APPLE,FACEBOOK,GOOGLE",No
DEVICE IDENTIFIERS,DEVICE INFO,COMPANY OPERATIONS,OPERATIONS,"AMAZON,APPLE,FACEBOOK,GOOGLE",No
DEVICE INFORMATION,DEVICE INFO,COMPANY OPERATIONS,OPERATIONS,"AMAZON,APPLE,FACEBOOK,GOOGLE",No
DEVICE SETTINGS,DEVICE INFO,COMPANY OPERATIONS,OPERATIONS,"AMAZON,APPLE,FACEBOOK,GOOGLE",No
DEVICE SIGNALS,DEVICE SIGNALS,COMPANY OPERATIONS,OPERATIONS,"AMAZON,APPLE,FACEBOOK,GOOGLE",No
IP ADDRESS,DEVICE INFO,COMPANY OPERATIONS,OPERATIONS,"AMAZON,APPLE,FACEBOOK,GOOGLE",No
LOCATION HISTORY,LOCATION FROM DEVICE,COMPANY OPERATIONS,OPERATIONS,"AMAZON,APPLE,FACEBOOK,GOOGLE",No
NAME,PERSONAL DATA,COMPANY OPERATIONS,OPERATIONS,"AMAZON,APPLE,FACEBOOK,GOOGLE",No
NETWORK INFORMATION,DEVICE INFO,COMPANY OPERATIONS,OPERATIONS,"AMAZON,APPLE,FACEBOOK,GOOGLE",No
NON-PERSONAL DATA,NON-PERSONAL DATA,COMPANY OPERATIONS,OPERATIONS,"AMAZON,APPLE,FACEBOOK,GOOGLE",No
PHOTOGRAPH FROM PROFILE,PERSONAL DATA,COMPANY OPERATIONS,OPERATIONS,"AMAZON,APPLE,FACEBOOK,GOOGLE",No
PRODUCT USE,PRODUCT USE,COMPANY OPERATIONS,OPERATIONS,"AMAZON,APPLE,FACEBOOK,GOOGLE",No
USE OF OTHER PLATFORMS,PRODUCT USE,COMPANY OPERATIONS,OPERATIONS,"AMAZON,APPLE,FACEBOOK,GOOGLE",No
FEATURES USE,PRODUCT USE,COMPANY OPERATIONS,OPERATIONS,"AMAZON,APPLE,FACEBOOK,GOOGLE",No
ACTIVE STATUS,PRODUCT USE,COMPANY OPERATIONS,OPERATIONS,"AMAZON,APPLE,FACEBOOK,GOOGLE",No
CONTENT CREATED/UPLOADED,PRODUCT USE,COMPANY OPERATIONS,OPERATIONS,"AMAZON,APPLE,FACEBOOK,GOOGLE",No
AD INTERACTIONS,PRODUCT USE,COMPANY OPERATIONS,OPERATIONS,"AMAZON,APPLE,FACEBOOK,GOOGLE",No
PUBLIC DATA,NON-PERSONAL DATA,COMPANY OPERATIONS,OPERATIONS,"AMAZON,APPLE,FACEBOOK,GOOGLE",No
PURCHASE HISTORY,NON-PERSONAL DATA,COMPANY OPERATIONS,OPERATIONS,"AMAZON,APPLE,FACEBOOK,GOOGLE",No
SEARCHES,NON-PERSONAL DATA,COMPANY OPERATIONS,OPERATIONS,"AMAZON,APPLE,FACEBOOK,GOOGLE",No
SERVICE PROVIDER INFORMATION,DEVICE SIGNALS,COMPANY OPERATIONS,OPERATIONS,"AMAZON,APPLE,FACEBOOK,GOOGLE",No
USER'S CONTACT INFORMATION,PERSONAL DATA,COMPANY OPERATIONS,OPERATIONS,"AMAZON,APPLE,FACEBOOK,GOOGLE",No
ACCOUNT INFORMATION,PERSONAL DATA,IMPROVE PRODUCTS,ANALYTICS,"AMAZON,APPLE,FACEBOOK,GOOGLE",No
APP INFORMATION,BEHAVIOR ON DEVICE,IMPROVE PRODUCTS,ANALYTICS,"AMAZON,APPLE,FACEBOOK,GOOGLE",No
BEHAVIOR ON DEVICES,BEHAVIOR ON DEVICE,IMPROVE PRODUCTS,ANALYTICS,"AMAZON,APPLE,FACEBOOK,GOOGLE",No
CALL/MESSAGE METADATA,BEHAVIOR ON DEVICE,IMPROVE PRODUCTS,ANALYTICS,"AMAZON,APPLE,FACEBOOK,GOOGLE",
CAMERA INFORMATION,DEVICE INFO,IMPROVE PRODUCTS,ANALYTICS,"AMAZON,APPLE,FACEBOOK,GOOGLE",No
CURRENT LOCATION,LOCATION FROM DEVICE,IMPROVE PRODUCTS,ANALYTICS,"AMAZON,APPLE,FACEBOOK,GOOGLE",No
DATE OF BIRTH,PERSONAL DATA,IMPROVE PRODUCTS,ANALYTICS,"AMAZON,APPLE,FACEBOOK,GOOGLE",No
DEVICE INFORMATION,DEVICE INFO,IMPROVE PRODUCTS,ANALYTICS,"AMAZON,APPLE,FACEBOOK,GOOGLE",No
DEVICE SETTINGS,DEVICE INFO,IMPROVE PRODUCTS,ANALYTICS,"AMAZON,APPLE,FACEBOOK,GOOGLE",No
DEVICE SIGNALS,DEVICE SIGNALS,IMPROVE PRODUCTS,ANALYTICS,"AMAZON,APPLE,FACEBOOK,GOOGLE",No
IP ADDRESS,DEVICE INFO,IMPROVE PRODUCTS,ANALYTICS,"AMAZON,APPLE,FACEBOOK,GOOGLE",No
LOCATION HISTORY,LOCATION FROM DEVICE,IMPROVE PRODUCTS,ANALYTICS,"AMAZON,APPLE,FACEBOOK,GOOGLE",No
LOGIN INFORMATION,PERSONAL DATA,IMPROVE PRODUCTS,ANALYTICS,"AMAZON,APPLE,FACEBOOK,GOOGLE",No
NAME,PERSONAL DATA,IMPROVE PRODUCTS,ANALYTICS,"AMAZON,APPLE,FACEBOOK,GOOGLE",No
NEARBY LOCATIONS AND PEOPLE,LOCATION FROM DEVICE,IMPROVE PRODUCTS,ANALYTICS,"AMAZON,APPLE,FACEBOOK,GOOGLE",No
NETWORK INFORMATION,DEVICE INFO,IMPROVE PRODUCTS,ANALYTICS,"AMAZON,APPLE,FACEBOOK,GOOGLE",No
NON-PERSONAL DATA,NON-PERSONAL DATA,IMPROVE PRODUCTS,ANALYTICS,"AMAZON,APPLE,FACEBOOK,GOOGLE",No
PHOTOGRAPH FROM PROFILE,PERSONAL DATA,IMPROVE PRODUCTS,ANALYTICS,"AMAZON,APPLE,FACEBOOK,GOOGLE",No
PRODUCT USE,PRODUCT USE,IMPROVE PRODUCTS,ANALYTICS,"AMAZON,APPLE,FACEBOOK,GOOGLE",No
USE OF OTHER PLATFORMS,PRODUCT USE,IMPROVE PRODUCTS,ANALYTICS,"AMAZON,APPLE,FACEBOOK,GOOGLE",No
FEATURES USE,PRODUCT USE,IMPROVE PRODUCTS,ANALYTICS,"AMAZON,APPLE,FACEBOOK,GOOGLE",No
ACTIVE STATUS,PRODUCT USE,IMPROVE PRODUCTS,ANALYTICS,"AMAZON,APPLE,FACEBOOK,GOOGLE",No
CONTENT CREATED/UPLOADED,PRODUCT USE,IMPROVE PRODUCTS,ANALYTICS,"AMAZON,APPLE,FACEBOOK,GOOGLE",No
AD INTERACTIONS,PRODUCT USE,IMPROVE PRODUCTS,ANALYTICS,"AMAZON,APPLE,FACEBOOK,GOOGLE",No
PUBLIC DATA,NON-PERSONAL DATA,IMPROVE PRODUCTS,ANALYTICS,"AMAZON,APPLE,FACEBOOK,GOOGLE",No
SEARCHES,NON-PERSONAL DATA,IMPROVE PRODUCTS,ANALYTICS,"AMAZON,APPLE,FACEBOOK,GOOGLE",
SERVICE PROVIDER INFORMATION,DEVICE SIGNALS,IMPROVE PRODUCTS,ANALYTICS,"AMAZON,APPLE,FACEBOOK,GOOGLE",No
USER'S CONTACT INFORMATION,PERSONAL DATA,IMPROVE PRODUCTS,ANALYTICS,"AMAZON,APPLE,FACEBOOK,GOOGLE",No
ACCOUNT INFORMATION,PERSONAL DATA,LEARN USERS' BEHAVIOR,ANALYTICS,"AMAZON,APPLE,FACEBOOK,GOOGLE",No
APP INFORMATION,BEHAVIOR ON DEVICE,LEARN USERS' BEHAVIOR,ANALYTICS,"AMAZON,APPLE,FACEBOOK,GOOGLE",No
BEHAVIOR ON DEVICES,BEHAVIOR ON DEVICE,LEARN USERS' BEHAVIOR,ANALYTICS,"AMAZON,APPLE,FACEBOOK,GOOGLE",No
CALL/MESSAGE METADATA,BEHAVIOR ON DEVICE,LEARN USERS' BEHAVIOR,ANALYTICS,"AMAZON,APPLE,FACEBOOK,GOOGLE",
CAMERA INFORMATION,DEVICE INFO,LEARN USERS' BEHAVIOR,ANALYTICS,"AMAZON,APPLE,FACEBOOK,GOOGLE",No
CURRENT LOCATION,LOCATION FROM DEVICE,LEARN USERS' BEHAVIOR,ANALYTICS,"AMAZON,APPLE,FACEBOOK,GOOGLE",No
DATE OF BIRTH,PERSONAL DATA,LEARN USERS' BEHAVIOR,ANALYTICS,"AMAZON,APPLE,FACEBOOK,GOOGLE",No
DEVICE INFORMATION,DEVICE INFO,LEARN USERS' BEHAVIOR,ANALYTICS,"AMAZON,APPLE,FACEBOOK,GOOGLE",No
DEVICE SETTINGS,DEVICE INFO,LEARN USERS' BEHAVIOR,ANALYTICS,"AMAZON,APPLE,FACEBOOK,GOOGLE",No
DEVICE SIGNALS,DEVICE SIGNALS,LEARN USERS' BEHAVIOR,ANALYTICS,"AMAZON,APPLE,FACEBOOK,GOOGLE",No
IP ADDRESS,DEVICE INFO,LEARN USERS' BEHAVIOR,ANALYTICS,"AMAZON,APPLE,FACEBOOK,GOOGLE",No
LOCATION HISTORY,LOCATION FROM DEVICE,LEARN USERS' BEHAVIOR,ANALYTICS,"AMAZON,APPLE,FACEBOOK,GOOGLE",No
LOGIN INFORMATION,PERSONAL DATA,LEARN USERS' BEHAVIOR,ANALYTICS,"AMAZON,APPLE,FACEBOOK,GOOGLE",No
NAME,PERSONAL DATA,LEARN USERS' BEHAVIOR,ANALYTICS,"AMAZON,APPLE,FACEBOOK,GOOGLE",No
NEARBY LOCATIONS AND PEOPLE,LOCATION FROM DEVICE,LEARN USERS' BEHAVIOR,ANALYTICS,"AMAZON,APPLE,FACEBOOK,GOOGLE",No
NETWORK INFORMATION,DEVICE INFO,LEARN USERS' BEHAVIOR,ANALYTICS,"AMAZON,APPLE,FACEBOOK,GOOGLE",No
NON-PERSONAL DATA,NON-PERSONAL DATA,LEARN USERS' BEHAVIOR,ANALYTICS,"AMAZON,APPLE,FACEBOOK,GOOGLE",No
PHOTOGRAPH FROM PROFILE,PERSONAL DATA,LEARN USERS' BEHAVIOR,ANALYTICS,"AMAZON,APPLE,FACEBOOK,GOOGLE",No
PRODUCT USE,PRODUCT USE,LEARN USERS' BEHAVIOR,ANALYTICS,"AMAZON,APPLE,FACEBOOK,GOOGLE",No
USE OF OTHER PLATFORMS,PRODUCT USE,LEARN USERS' BEHAVIOR,ANALYTICS,"AMAZON,APPLE,FACEBOOK,GOOGLE",No
FEATURES USE,PRODUCT USE,LEARN USERS' BEHAVIOR,ANALYTICS,"AMAZON,APPLE,FACEBOOK,GOOGLE",No
ACTIVE STATUS,PRODUCT USE,LEARN USERS' BEHAVIOR,ANALYTICS,"AMAZON,APPLE,FACEBOOK,GOOGLE",No
CONTENT CREATED/UPLOADED,PRODUCT USE,LEARN USERS' BEHAVIOR,ANALYTICS,"AMAZON,APPLE,FACEBOOK,GOOGLE",No
AD INTERACTIONS,PRODUCT USE,LEARN USERS' BEHAVIOR,ANALYTICS,"AMAZON,APPLE,FACEBOOK,GOOGLE",No
PUBLIC DATA,NON-PERSONAL DATA,LEARN USERS' BEHAVIOR,ANALYTICS,"AMAZON,APPLE,FACEBOOK,GOOGLE",No
SEARCHES,NON-PERSONAL DATA,LEARN USERS' BEHAVIOR,ANALYTICS,"AMAZON,APPLE,FACEBOOK,GOOGLE",No
SERVICE PROVIDER INFORMATION,DEVICE SIGNALS,LEARN USERS' BEHAVIOR,ANALYTICS,"AMAZON,APPLE,FACEBOOK,GOOGLE",No
USER'S CONTACT INFORMATION,PERSONAL DATA,LEARN USERS' BEHAVIOR,ANALYTICS,"AMAZON,APPLE,FACEBOOK,GOOGLE",No
ACCOUNT INFORMATION,PERSONAL DATA,LEGAL COMPLIANCE,THIRD PARTY,"AMAZON,APPLE,FACEBOOK,GOOGLE",No
APP INFORMATION,BEHAVIOR ON DEVICE,LEGAL COMPLIANCE,THIRD PARTY,"AMAZON,APPLE,FACEBOOK,GOOGLE",No
BEHAVIOR ON DEVICES,BEHAVIOR ON DEVICE,LEGAL COMPLIANCE,THIRD PARTY,"AMAZON,APPLE,FACEBOOK,GOOGLE",No
BIOMETRICS,PERSONAL DATA,LEGAL COMPLIANCE,THIRD PARTY,"AMAZON,APPLE,FACEBOOK,GOOGLE",No
CALL/MESSAGE METADATA,BEHAVIOR ON DEVICE,LEGAL COMPLIANCE,THIRD PARTY,"AMAZON,APPLE,FACEBOOK,GOOGLE",
CAMERA INFORMATION,DEVICE INFO,LEGAL COMPLIANCE,THIRD PARTY,"AMAZON,APPLE,FACEBOOK,GOOGLE",No
CONTACTS' INFORMATION,PERSONAL DATA,LEGAL COMPLIANCE,THIRD PARTY,"AMAZON,APPLE,FACEBOOK,GOOGLE",No
CREDIT HISTORY,PERSONAL DATA,LEGAL COMPLIANCE,THIRD PARTY,"AMAZON,APPLE,FACEBOOK,GOOGLE",No
CURRENT LOCATION,LOCATION FROM DEVICE,LEGAL COMPLIANCE,THIRD PARTY,"AMAZON,APPLE,FACEBOOK,GOOGLE",No
DATE OF BIRTH,PERSONAL DATA,LEGAL COMPLIANCE,THIRD PARTY,"AMAZON,APPLE,FACEBOOK,GOOGLE",No
DEMOGRAPHICS,NON-PERSONAL DATA,LEGAL COMPLIANCE,THIRD PARTY,"AMAZON,APPLE,FACEBOOK,GOOGLE",No
DEVICE IDENTIFIERS,DEVICE INFO,LEGAL COMPLIANCE,THIRD PARTY,"AMAZON,APPLE,FACEBOOK,GOOGLE",No
DEVICE INFORMATION,DEVICE INFO,LEGAL COMPLIANCE,THIRD PARTY,"AMAZON,APPLE,FACEBOOK,GOOGLE",No
DEVICE SETTINGS,DEVICE INFO,LEGAL COMPLIANCE,THIRD PARTY,"AMAZON,APPLE,FACEBOOK,GOOGLE",No
DEVICE SIGNALS,DEVICE SIGNALS,LEGAL COMPLIANCE,THIRD PARTY,"AMAZON,APPLE,FACEBOOK,GOOGLE",No
DRIVER'S LICENSE NUMBER,PERSONAL DATA,LEGAL COMPLIANCE,THIRD PARTY,"AMAZON,APPLE,FACEBOOK,GOOGLE",No
FAMILY MEMBERS' INFORMATION,PERSONAL DATA,LEGAL COMPLIANCE,THIRD PARTY,"AMAZON,APPLE,FACEBOOK,GOOGLE",No
FILE INFORMATION,DEVICE INFO,LEGAL COMPLIANCE,THIRD PARTY,"AMAZON,APPLE,FACEBOOK,GOOGLE",No
IP ADDRESS,DEVICE INFO,LEGAL COMPLIANCE,THIRD PARTY,"AMAZON,APPLE,FACEBOOK,GOOGLE",No
LOCATION HISTORY,LOCATION FROM DEVICE,LEGAL COMPLIANCE,THIRD PARTY,"AMAZON,APPLE,FACEBOOK,GOOGLE",No
LOGIN INFORMATION,PERSONAL DATA,LEGAL COMPLIANCE,THIRD PARTY,"AMAZON,APPLE,FACEBOOK,GOOGLE",No
NAME,PERSONAL DATA,LEGAL COMPLIANCE,THIRD PARTY,"AMAZON,APPLE,FACEBOOK,GOOGLE",No
NEARBY LOCATIONS AND PEOPLE,LOCATION FROM DEVICE,LEGAL COMPLIANCE,THIRD PARTY,"AMAZON,APPLE,FACEBOOK,GOOGLE",No
NETWORK INFORMATION,DEVICE INFO,LEGAL COMPLIANCE,THIRD PARTY,"AMAZON,APPLE,FACEBOOK,GOOGLE",No
NON-PERSONAL DATA,NON-PERSONAL DATA,LEGAL COMPLIANCE,THIRD PARTY,"AMAZON,APPLE,FACEBOOK,GOOGLE",No
PAYMENT CARD INFORMATION,PERSONAL DATA,LEGAL COMPLIANCE,THIRD PARTY,"AMAZON,APPLE,FACEBOOK,GOOGLE",No
PHOTOGRAPH FROM PROFILE,PERSONAL DATA,LEGAL COMPLIANCE,THIRD PARTY,"AMAZON,APPLE,FACEBOOK,GOOGLE",No
CUSTOMER SERVICE COMMUNICATIONS,PRODUCT USE,LEGAL COMPLIANCE,THIRD PARTY,"AMAZON,APPLE,FACEBOOK,GOOGLE",No
PRODUCT USE,PRODUCT USE,LEGAL COMPLIANCE,THIRD PARTY,"AMAZON,APPLE,FACEBOOK,GOOGLE",No
USE OF OTHER PLATFORMS,PRODUCT USE,LEGAL COMPLIANCE,THIRD PARTY,"AMAZON,APPLE,FACEBOOK,GOOGLE",No
FEATURES USE,PRODUCT USE,LEGAL COMPLIANCE,THIRD PARTY,"AMAZON,APPLE,FACEBOOK,GOOGLE",No
ACTIVE STATUS,PRODUCT USE,LEGAL COMPLIANCE,THIRD PARTY,"AMAZON,APPLE,FACEBOOK,GOOGLE",No
CONTENT CREATED/UPLOADED,PRODUCT USE,LEGAL COMPLIANCE,THIRD PARTY,"AMAZON,APPLE,FACEBOOK,GOOGLE",No
AD INTERACTIONS,PRODUCT USE,LEGAL COMPLIANCE,THIRD PARTY,"AMAZON,APPLE,FACEBOOK,GOOGLE",No
PUBLIC DATA,NON-PERSONAL DATA,LEGAL COMPLIANCE,THIRD PARTY,"AMAZON,APPLE,FACEBOOK,GOOGLE",No
PURCHASE HISTORY,NON-PERSONAL DATA,LEGAL COMPLIANCE,THIRD PARTY,"AMAZON,APPLE,FACEBOOK,GOOGLE",No
SEARCHES,NON-PERSONAL DATA,LEGAL COMPLIANCE,THIRD PARTY,"AMAZON,APPLE,FACEBOOK,GOOGLE",No
SERVICE PROVIDER INFORMATION,DEVICE SIGNALS,LEGAL COMPLIANCE,THIRD PARTY,"AMAZON,APPLE,FACEBOOK,GOOGLE",No
SOCIAL SECURITY NUMBER,PERSONAL DATA,LEGAL COMPLIANCE,THIRD PARTY,"AMAZON,APPLE,FACEBOOK,GOOGLE",No
USER'S CONTACT INFORMATION,PERSONAL DATA,LEGAL COMPLIANCE,THIRD PARTY,"AMAZON,APPLE,FACEBOOK,GOOGLE",No
ACCOUNT INFORMATION,PERSONAL DATA,LOCATION-BASED SERVICES,OPERATIONS,"AMAZON,APPLE,FACEBOOK,GOOGLE",No
APP INFORMATION,BEHAVIOR ON DEVICE,LOCATION-BASED SERVICES,OPERATIONS,"AMAZON,APPLE,FACEBOOK,GOOGLE",No
BEHAVIOR ON DEVICES,BEHAVIOR ON DEVICE,LOCATION-BASED SERVICES,OPERATIONS,"AMAZON,APPLE,FACEBOOK,GOOGLE",No
CAMERA INFORMATION,DEVICE INFO,LOCATION-BASED SERVICES,OPERATIONS,"AMAZON,APPLE,FACEBOOK,GOOGLE",No
CURRENT LOCATION,LOCATION FROM DEVICE,LOCATION-BASED SERVICES,OPERATIONS,"AMAZON,APPLE,FACEBOOK,GOOGLE",No
DEVICE INFORMATION,DEVICE INFO,LOCATION-BASED SERVICES,OPERATIONS,"AMAZON,APPLE,FACEBOOK,GOOGLE",No
DEVICE SETTINGS,DEVICE INFO,LOCATION-BASED SERVICES,OPERATIONS,"AMAZON,APPLE,FACEBOOK,GOOGLE",No
DEVICE SIGNALS,DEVICE SIGNALS,LOCATION-BASED SERVICES,OPERATIONS,"AMAZON,APPLE,FACEBOOK,GOOGLE",No
IP ADDRESS,DEVICE INFO,LOCATION-BASED SERVICES,OPERATIONS,"AMAZON,APPLE,FACEBOOK,GOOGLE",No
LOCATION HISTORY,LOCATION FROM DEVICE,LOCATION-BASED SERVICES,OPERATIONS,"AMAZON,APPLE,FACEBOOK,GOOGLE",No
LOGIN INFORMATION,PERSONAL DATA,LOCATION-BASED SERVICES,OPERATIONS,"AMAZON,APPLE,FACEBOOK,GOOGLE",No
NEARBY LOCATIONS AND PEOPLE,LOCATION FROM DEVICE,LOCATION-BASED SERVICES,OPERATIONS,"AMAZON,APPLE,FACEBOOK,GOOGLE",No
NETWORK INFORMATION,DEVICE INFO,LOCATION-BASED SERVICES,OPERATIONS,"AMAZON,APPLE,FACEBOOK,GOOGLE",No
PRODUCT USE,PRODUCT USE,LOCATION-BASED SERVICES,OPERATIONS,"AMAZON,APPLE,FACEBOOK,GOOGLE",No
USE OF OTHER PLATFORMS,PRODUCT USE,LOCATION-BASED SERVICES,OPERATIONS,"AMAZON,APPLE,FACEBOOK,GOOGLE",No
FEATURES USE,PRODUCT USE,LOCATION-BASED SERVICES,OPERATIONS,"AMAZON,APPLE,FACEBOOK,GOOGLE",No
ACTIVE STATUS,PRODUCT USE,LOCATION-BASED SERVICES,OPERATIONS,"AMAZON,APPLE,FACEBOOK,GOOGLE",No
CONTENT CREATED/UPLOADED,PRODUCT USE,LOCATION-BASED SERVICES,OPERATIONS,"AMAZON,APPLE,FACEBOOK,GOOGLE",No
AD INTERACTIONS,PRODUCT USE,LOCATION-BASED SERVICES,OPERATIONS,"AMAZON,APPLE,FACEBOOK,GOOGLE",No
PUBLIC DATA,NON-PERSONAL DATA,LOCATION-BASED SERVICES,OPERATIONS,"AMAZON,APPLE,FACEBOOK,GOOGLE",No
SERVICE PROVIDER INFORMATION,DEVICE SIGNALS,LOCATION-BASED SERVICES,OPERATIONS,"AMAZON,APPLE,FACEBOOK,GOOGLE",No
USER'S CONTACT INFORMATION,PERSONAL DATA,LOCATION-BASED SERVICES,OPERATIONS,"AMAZON,APPLE,FACEBOOK,GOOGLE",No
ACCOUNT INFORMATION,PERSONAL DATA,PERSONALIZE CONTENT,ANALYTICS,"AMAZON,APPLE,FACEBOOK,GOOGLE",No
APP INFORMATION,BEHAVIOR ON DEVICE,PERSONALIZE CONTENT,ANALYTICS,"AMAZON,APPLE,FACEBOOK,GOOGLE",No
BEHAVIOR ON DEVICES,BEHAVIOR ON DEVICE,PERSONALIZE CONTENT,ANALYTICS,"AMAZON,APPLE,FACEBOOK,GOOGLE",No
CALL/MESSAGE METADATA,BEHAVIOR ON DEVICE,PERSONALIZE CONTENT,ANALYTICS,"AMAZON,APPLE,FACEBOOK,GOOGLE",
CAMERA INFORMATION,DEVICE INFO,PERSONALIZE CONTENT,ANALYTICS,"AMAZON,APPLE,FACEBOOK,GOOGLE",No
CURRENT LOCATION,LOCATION FROM DEVICE,PERSONALIZE CONTENT,ANALYTICS,"AMAZON,APPLE,FACEBOOK,GOOGLE",No
DATE OF BIRTH,PERSONAL DATA,PERSONALIZE CONTENT,ANALYTICS,"AMAZON,APPLE,FACEBOOK,GOOGLE",No
DEVICE INFORMATION,DEVICE INFO,PERSONALIZE CONTENT,ANALYTICS,"AMAZON,APPLE,FACEBOOK,GOOGLE",No
DEVICE SETTINGS,DEVICE INFO,PERSONALIZE CONTENT,ANALYTICS,"AMAZON,APPLE,FACEBOOK,GOOGLE",No
DEVICE SIGNALS,DEVICE SIGNALS,PERSONALIZE CONTENT,ANALYTICS,"AMAZON,APPLE,FACEBOOK,GOOGLE",No
IP ADDRESS,DEVICE INFO,PERSONALIZE CONTENT,ANALYTICS,"AMAZON,APPLE,FACEBOOK,GOOGLE",No
LOCATION HISTORY,LOCATION FROM DEVICE,PERSONALIZE CONTENT,ANALYTICS,"AMAZON,APPLE,FACEBOOK,GOOGLE",No
LOGIN INFORMATION,PERSONAL DATA,PERSONALIZE CONTENT,ANALYTICS,"AMAZON,APPLE,FACEBOOK,GOOGLE",No
NAME,PERSONAL DATA,PERSONALIZE CONTENT,ANALYTICS,"AMAZON,APPLE,FACEBOOK,GOOGLE",No
NEARBY LOCATIONS AND PEOPLE,LOCATION FROM DEVICE,PERSONALIZE CONTENT,ANALYTICS,"AMAZON,APPLE,FACEBOOK,GOOGLE",No
NETWORK INFORMATION,DEVICE INFO,PERSONALIZE CONTENT,ANALYTICS,"AMAZON,APPLE,FACEBOOK,GOOGLE",No
NON-PERSONAL DATA,NON-PERSONAL DATA,PERSONALIZE CONTENT,ANALYTICS,"AMAZON,APPLE,FACEBOOK,GOOGLE",No
PHOTOGRAPH FROM PROFILE,PERSONAL DATA,PERSONALIZE CONTENT,ANALYTICS,"AMAZON,APPLE,FACEBOOK,GOOGLE",No
PRODUCT USE,PRODUCT USE,PERSONALIZE CONTENT,ANALYTICS,"AMAZON,APPLE,FACEBOOK,GOOGLE",No
USE OF OTHER PLATFORMS,PRODUCT USE,PERSONALIZE CONTENT,ANALYTICS,"AMAZON,APPLE,FACEBOOK,GOOGLE",No
FEATURES USE,PRODUCT USE,PERSONALIZE CONTENT,ANALYTICS,"AMAZON,APPLE,FACEBOOK,GOOGLE",No
ACTIVE STATUS,PRODUCT USE,PERSONALIZE CONTENT,ANALYTICS,"AMAZON,APPLE,FACEBOOK,GOOGLE",No
CONTENT CREATED/UPLOADED,PRODUCT USE,PERSONALIZE CONTENT,ANALYTICS,"AMAZON,APPLE,FACEBOOK,GOOGLE",No
AD INTERACTIONS,PRODUCT USE,PERSONALIZE CONTENT,ANALYTICS,"AMAZON,APPLE,FACEBOOK,GOOGLE",No
PUBLIC DATA,NON-PERSONAL DATA,PERSONALIZE CONTENT,ANALYTICS,"AMAZON,APPLE,FACEBOOK,GOOGLE",No
SEARCHES,NON-PERSONAL DATA,PERSONALIZE CONTENT,ANALYTICS,"AMAZON,APPLE,FACEBOOK,GOOGLE",No
SERVICE PROVIDER INFORMATION,DEVICE SIGNALS,PERSONALIZE CONTENT,ANALYTICS,"AMAZON,APPLE,FACEBOOK,GOOGLE",No
USER'S CONTACT INFORMATION,PERSONAL DATA,PERSONALIZE CONTENT,ANALYTICS,"AMAZON,APPLE,FACEBOOK,GOOGLE",No
ACCOUNT INFORMATION,PERSONAL DATA,PERSONALIZE PRODUCTS,ANALYTICS,"AMAZON,APPLE,FACEBOOK,GOOGLE",No
APP INFORMATION,BEHAVIOR ON DEVICE,PERSONALIZE PRODUCTS,ANALYTICS,"AMAZON,APPLE,FACEBOOK,GOOGLE",No
BEHAVIOR ON DEVICES,BEHAVIOR ON DEVICE,PERSONALIZE PRODUCTS,ANALYTICS,"AMAZON,APPLE,FACEBOOK,GOOGLE",No
CALL/MESSAGE METADATA,BEHAVIOR ON DEVICE,PERSONALIZE PRODUCTS,ANALYTICS,"AMAZON,APPLE,FACEBOOK,GOOGLE",
CAMERA INFORMATION,DEVICE INFO,PERSONALIZE PRODUCTS,ANALYTICS,"AMAZON,APPLE,FACEBOOK,GOOGLE",No
CURRENT LOCATION,LOCATION FROM DEVICE,PERSONALIZE PRODUCTS,ANALYTICS,"AMAZON,APPLE,FACEBOOK,GOOGLE",No
DATE OF BIRTH,PERSONAL DATA,PERSONALIZE PRODUCTS,ANALYTICS,"AMAZON,APPLE,FACEBOOK,GOOGLE",No
DEVICE INFORMATION,DEVICE INFO,PERSONALIZE PRODUCTS,ANALYTICS,"AMAZON,APPLE,FACEBOOK,GOOGLE",No
DEVICE SETTINGS,DEVICE INFO,PERSONALIZE PRODUCTS,ANALYTICS,"AMAZON,APPLE,FACEBOOK,GOOGLE",No
DEVICE SIGNALS,DEVICE SIGNALS,PERSONALIZE PRODUCTS,ANALYTICS,"AMAZON,APPLE,FACEBOOK,GOOGLE",No
IP ADDRESS,DEVICE INFO,PERSONALIZE PRODUCTS,ANALYTICS,"AMAZON,APPLE,FACEBOOK,GOOGLE",No
LOCATION HISTORY,LOCATION FROM DEVICE,PERSONALIZE PRODUCTS,ANALYTICS,"AMAZON,APPLE,FACEBOOK,GOOGLE",No
LOGIN INFORMATION,PERSONAL DATA,PERSONALIZE PRODUCTS,ANALYTICS,"AMAZON,APPLE,FACEBOOK,GOOGLE",No
NAME,PERSONAL DATA,PERSONALIZE PRODUCTS,ANALYTICS,"AMAZON,APPLE,FACEBOOK,GOOGLE",No
NETWORK INFORMATION,DEVICE INFO,PERSONALIZE PRODUCTS,ANALYTICS,"AMAZON,APPLE,FACEBOOK,GOOGLE",No
NON-PERSONAL DATA,NON-PERSONAL DATA,PERSONALIZE PRODUCTS,ANALYTICS,"AMAZON,APPLE,FACEBOOK,GOOGLE",No
PHOTOGRAPH FROM PROFILE,PERSONAL DATA,PERSONALIZE PRODUCTS,ANALYTICS,"AMAZON,APPLE,FACEBOOK,GOOGLE",No
PRODUCT USE,PRODUCT USE,PERSONALIZE PRODUCTS,ANALYTICS,"AMAZON,APPLE,FACEBOOK,GOOGLE",No
USE OF OTHER PLATFORMS,PRODUCT USE,PERSONALIZE PRODUCTS,ANALYTICS,"AMAZON,APPLE,FACEBOOK,GOOGLE",No
FEATURES USE,PRODUCT USE,PERSONALIZE PRODUCTS,ANALYTICS,"AMAZON,APPLE,FACEBOOK,GOOGLE",No
ACTIVE STATUS,PRODUCT USE,PERSONALIZE PRODUCTS,ANALYTICS,"AMAZON,APPLE,FACEBOOK,GOOGLE",No
CONTENT CREATED/UPLOADED,PRODUCT USE,PERSONALIZE PRODUCTS,ANALYTICS,"AMAZON,APPLE,FACEBOOK,GOOGLE",No
AD INTERACTIONS,PRODUCT USE,PERSONALIZE PRODUCTS,ANALYTICS,"AMAZON,APPLE,FACEBOOK,GOOGLE",No
PUBLIC DATA,NON-PERSONAL DATA,PERSONALIZE PRODUCTS,ANALYTICS,"AMAZON,APPLE,FACEBOOK,GOOGLE",No
SEARCHES,NON-PERSONAL DATA,PERSONALIZE PRODUCTS,ANALYTICS,"AMAZON,APPLE,FACEBOOK,GOOGLE",No
SERVICE PROVIDER INFORMATION,DEVICE SIGNALS,PERSONALIZE PRODUCTS,ANALYTICS,"AMAZON,APPLE,FACEBOOK,GOOGLE",No
USER'S CONTACT INFORMATION,PERSONAL DATA,PERSONALIZE PRODUCTS,ANALYTICS,"AMAZON,APPLE,FACEBOOK,GOOGLE",No
ACCOUNT INFORMATION,PERSONAL DATA,PRODUCT SAFETY,SAFETY AND SECURITY,"AMAZON,APPLE,FACEBOOK,GOOGLE",No
APP INFORMATION,BEHAVIOR ON DEVICE,PRODUCT SAFETY,SAFETY AND SECURITY,"AMAZON,APPLE,FACEBOOK,GOOGLE",No
BEHAVIOR ON DEVICES,BEHAVIOR ON DEVICE,PRODUCT SAFETY,SAFETY AND SECURITY,"AMAZON,APPLE,FACEBOOK,GOOGLE",No
CALL/MESSAGE METADATA,BEHAVIOR ON DEVICE,PRODUCT SAFETY,SAFETY AND SECURITY,"AMAZON,APPLE,FACEBOOK,GOOGLE",
CAMERA INFORMATION,DEVICE INFO,PRODUCT SAFETY,SAFETY AND SECURITY,"AMAZON,APPLE,FACEBOOK,GOOGLE",No
CURRENT LOCATION,LOCATION FROM DEVICE,PRODUCT SAFETY,SAFETY AND SECURITY,"AMAZON,APPLE,FACEBOOK,GOOGLE",No
DATE OF BIRTH,PERSONAL DATA,PRODUCT SAFETY,SAFETY AND SECURITY,"AMAZON,APPLE,FACEBOOK,GOOGLE",No
DEVICE INFORMATION,DEVICE INFO,PRODUCT SAFETY,SAFETY AND SECURITY,"AMAZON,APPLE,FACEBOOK,GOOGLE",No
DEVICE SETTINGS,DEVICE INFO,PRODUCT SAFETY,SAFETY AND SECURITY,"AMAZON,APPLE,FACEBOOK,GOOGLE",No
DEVICE SIGNALS,DEVICE SIGNALS,PRODUCT SAFETY,SAFETY AND SECURITY,"AMAZON,APPLE,FACEBOOK,GOOGLE",No
IP ADDRESS,DEVICE INFO,PRODUCT SAFETY,SAFETY AND SECURITY,"AMAZON,APPLE,FACEBOOK,GOOGLE",No
LOCATION HISTORY,LOCATION FROM DEVICE,PRODUCT SAFETY,SAFETY AND SECURITY,"AMAZON,APPLE,FACEBOOK,GOOGLE",No
LOGIN INFORMATION,PERSONAL DATA,PRODUCT SAFETY,SAFETY AND SECURITY,"AMAZON,APPLE,FACEBOOK,GOOGLE",No
NEARBY LOCATIONS AND PEOPLE,LOCATION FROM DEVICE,PRODUCT SAFETY,SAFETY AND SECURITY,"AMAZON,APPLE,FACEBOOK,GOOGLE",No
NETWORK INFORMATION,DEVICE INFO,PRODUCT SAFETY,SAFETY AND SECURITY,"AMAZON,APPLE,FACEBOOK,GOOGLE",No
NON-PERSONAL DATA,NON-PERSONAL DATA,PRODUCT SAFETY,SAFETY AND SECURITY,"AMAZON,APPLE,FACEBOOK,GOOGLE",No
PHOTOGRAPH FROM PROFILE,PERSONAL DATA,PRODUCT SAFETY,SAFETY AND SECURITY,"AMAZON,APPLE,FACEBOOK,GOOGLE",No
PRODUCT USE,PRODUCT USE,PRODUCT SAFETY,SAFETY AND SECURITY,"AMAZON,APPLE,FACEBOOK,GOOGLE",No
USE OF OTHER PLATFORMS,PRODUCT USE,PRODUCT SAFETY,SAFETY AND SECURITY,"AMAZON,APPLE,FACEBOOK,GOOGLE",No
FEATURES USE,PRODUCT USE,PRODUCT SAFETY,SAFETY AND SECURITY,"AMAZON,APPLE,FACEBOOK,GOOGLE",No
ACTIVE STATUS,PRODUCT USE,PRODUCT SAFETY,SAFETY AND SECURITY,"AMAZON,APPLE,FACEBOOK,GOOGLE",No
CONTENT CREATED/UPLOADED,PRODUCT USE,PRODUCT SAFETY,SAFETY AND SECURITY,"AMAZON,APPLE,FACEBOOK,GOOGLE",No
AD INTERACTIONS,PRODUCT USE,PRODUCT SAFETY,SAFETY AND SECURITY,"AMAZON,APPLE,FACEBOOK,GOOGLE",No
PUBLIC DATA,NON-PERSONAL DATA,PRODUCT SAFETY,SAFETY AND SECURITY,"AMAZON,APPLE,FACEBOOK,GOOGLE",No
SERVICE PROVIDER INFORMATION,DEVICE SIGNALS,PRODUCT SAFETY,SAFETY AND SECURITY,"AMAZON,APPLE,FACEBOOK,GOOGLE",No
USER'S CONTACT INFORMATION,PERSONAL DATA,PRODUCT SAFETY,SAFETY AND SECURITY,"AMAZON,APPLE,FACEBOOK,GOOGLE",No
ACCOUNT INFORMATION,PERSONAL DATA,PROTECT COMPANY,SAFETY AND SECURITY,"AMAZON,APPLE,FACEBOOK,GOOGLE",No
APP INFORMATION,BEHAVIOR ON DEVICE,PROTECT COMPANY,SAFETY AND SECURITY,"AMAZON,APPLE,FACEBOOK,GOOGLE",No
BEHAVIOR ON DEVICES,BEHAVIOR ON DEVICE,PROTECT COMPANY,SAFETY AND SECURITY,"AMAZON,APPLE,FACEBOOK,GOOGLE",No
CALL/MESSAGE METADATA,BEHAVIOR ON DEVICE,PROTECT COMPANY,SAFETY AND SECURITY,"AMAZON,APPLE,FACEBOOK,GOOGLE",
CAMERA INFORMATION,DEVICE INFO,PROTECT COMPANY,SAFETY AND SECURITY,"AMAZON,APPLE,FACEBOOK,GOOGLE",No
CURRENT LOCATION,LOCATION FROM DEVICE,PROTECT COMPANY,SAFETY AND SECURITY,"AMAZON,APPLE,FACEBOOK,GOOGLE",No
DATE OF BIRTH,PERSONAL DATA,PROTECT COMPANY,SAFETY AND SECURITY,"AMAZON,APPLE,FACEBOOK,GOOGLE",No
DEVICE INFORMATION,DEVICE INFO,PROTECT COMPANY,SAFETY AND SECURITY,"AMAZON,APPLE,FACEBOOK,GOOGLE",No
DEVICE SETTINGS,DEVICE INFO,PROTECT COMPANY,SAFETY AND SECURITY,"AMAZON,APPLE,FACEBOOK,GOOGLE",No
DEVICE SIGNALS,DEVICE SIGNALS,PROTECT COMPANY,SAFETY AND SECURITY,"AMAZON,APPLE,FACEBOOK,GOOGLE",No
LOCATION HISTORY,LOCATION FROM DEVICE,PROTECT COMPANY,SAFETY AND SECURITY,"AMAZON,APPLE,FACEBOOK,GOOGLE",No
LOGIN INFORMATION,PERSONAL DATA,PROTECT COMPANY,SAFETY AND SECURITY,"AMAZON,APPLE,FACEBOOK,GOOGLE",No
NAME,PERSONAL DATA,PROTECT COMPANY,SAFETY AND SECURITY,"AMAZON,APPLE,FACEBOOK,GOOGLE",No
NETWORK INFORMATION,DEVICE INFO,PROTECT COMPANY,SAFETY AND SECURITY,"AMAZON,APPLE,FACEBOOK,GOOGLE",No
NON-PERSONAL DATA,NON-PERSONAL DATA,PROTECT COMPANY,SAFETY AND SECURITY,"AMAZON,APPLE,FACEBOOK,GOOGLE",No
PHOTOGRAPH FROM PROFILE,PERSONAL DATA,PROTECT COMPANY,SAFETY AND SECURITY,"AMAZON,APPLE,FACEBOOK,GOOGLE",No
PRODUCT USE,PRODUCT USE,PROTECT COMPANY,SAFETY AND SECURITY,"AMAZON,APPLE,FACEBOOK,GOOGLE",No
USE OF OTHER PLATFORMS,PRODUCT USE,PROTECT COMPANY,SAFETY AND SECURITY,"AMAZON,APPLE,FACEBOOK,GOOGLE",No
FEATURES USE,PRODUCT USE,PROTECT COMPANY,SAFETY AND SECURITY,"AMAZON,APPLE,FACEBOOK,GOOGLE",No
ACTIVE STATUS,PRODUCT USE,PROTECT COMPANY,SAFETY AND SECURITY,"AMAZON,APPLE,FACEBOOK,GOOGLE",No
CONTENT CREATED/UPLOADED,PRODUCT USE,PROTECT COMPANY,SAFETY AND SECURITY,"AMAZON,APPLE,FACEBOOK,GOOGLE",No
AD INTERACTIONS,PRODUCT USE,PROTECT COMPANY,SAFETY AND SECURITY,"AMAZON,APPLE,FACEBOOK,GOOGLE",No
PUBLIC DATA,NON-PERSONAL DATA,PROTECT COMPANY,SAFETY AND SECURITY,"AMAZON,APPLE,FACEBOOK,GOOGLE",No
SERVICE PROVIDER INFORMATION,DEVICE SIGNALS,PROTECT COMPANY,SAFETY AND SECURITY,"AMAZON,APPLE,FACEBOOK,GOOGLE",No
USER'S CONTACT INFORMATION,PERSONAL DATA,PROTECT COMPANY,SAFETY AND SECURITY,"AMAZON,APPLE,FACEBOOK,GOOGLE",No
ACCOUNT INFORMATION,PERSONAL DATA,PROVIDE SERVICES,OPERATIONS,"AMAZON,APPLE,FACEBOOK,GOOGLE",No
APP INFORMATION,BEHAVIOR ON DEVICE,PROVIDE SERVICES,OPERATIONS,"AMAZON,APPLE,FACEBOOK,GOOGLE",No
BEHAVIOR ON DEVICES,BEHAVIOR ON DEVICE,PROVIDE SERVICES,OPERATIONS,"AMAZON,APPLE,FACEBOOK,GOOGLE",No
CALL/MESSAGE METADATA,BEHAVIOR ON DEVICE,PROVIDE SERVICES,OPERATIONS,"AMAZON,APPLE,FACEBOOK,GOOGLE",
CAMERA INFORMATION,DEVICE INFO,PROVIDE SERVICES,OPERATIONS,"AMAZON,APPLE,FACEBOOK,GOOGLE",No
CONTACTS' INFORMATION,PERSONAL DATA,PROVIDE SERVICES,OPERATIONS,"AMAZON,APPLE,FACEBOOK,GOOGLE",No
CURRENT LOCATION,LOCATION FROM DEVICE,PROVIDE SERVICES,OPERATIONS,"AMAZON,APPLE,FACEBOOK,GOOGLE",No
DATE OF BIRTH,PERSONAL DATA,PROVIDE SERVICES,OPERATIONS,"AMAZON,APPLE,FACEBOOK,GOOGLE",No
DEMOGRAPHICS,NON-PERSONAL DATA,PROVIDE SERVICES,OPERATIONS,"AMAZON,APPLE,FACEBOOK,GOOGLE",No
DEVICE IDENTIFIERS,DEVICE INFO,PROVIDE SERVICES,OPERATIONS,"AMAZON,APPLE,FACEBOOK,GOOGLE",No
DEVICE INFORMATION,DEVICE INFO,PROVIDE SERVICES,OPERATIONS,"AMAZON,APPLE,FACEBOOK,GOOGLE",No
DEVICE SETTINGS,DEVICE INFO,PROVIDE SERVICES,OPERATIONS,"AMAZON,APPLE,FACEBOOK,GOOGLE",No
DEVICE SIGNALS,DEVICE SIGNALS,PROVIDE SERVICES,OPERATIONS,"AMAZON,APPLE,FACEBOOK,GOOGLE",No
IP ADDRESS,DEVICE INFO,PROVIDE SERVICES,OPERATIONS,"AMAZON,APPLE,FACEBOOK,GOOGLE",No
LOCATION HISTORY,LOCATION FROM DEVICE,PROVIDE SERVICES,OPERATIONS,"AMAZON,APPLE,FACEBOOK,GOOGLE",No
NAME,PERSONAL DATA,PROVIDE SERVICES,OPERATIONS,"AMAZON,APPLE,FACEBOOK,GOOGLE",No
NEARBY LOCATIONS AND PEOPLE,LOCATION FROM DEVICE,PROVIDE SERVICES,OPERATIONS,"AMAZON,APPLE,FACEBOOK,GOOGLE",No
NETWORK INFORMATION,DEVICE INFO,PROVIDE SERVICES,OPERATIONS,"AMAZON,APPLE,FACEBOOK,GOOGLE",No
NON-PERSONAL DATA,NON-PERSONAL DATA,PROVIDE SERVICES,OPERATIONS,"AMAZON,APPLE,FACEBOOK,GOOGLE",No
PAYMENT CARD INFORMATION,PERSONAL DATA,PROVIDE SERVICES,OPERATIONS,"AMAZON,APPLE,FACEBOOK,GOOGLE",No
PHOTOGRAPH FROM PROFILE,PERSONAL DATA,PROVIDE SERVICES,OPERATIONS,"AMAZON,APPLE,FACEBOOK,GOOGLE",No
CUSTOMER SERVICE COMMUNICATIONS,PRODUCT USE,PROVIDE SERVICES,OPERATIONS,"AMAZON,APPLE,FACEBOOK,GOOGLE",No
PRODUCT USE,PRODUCT USE,PROVIDE SERVICES,OPERATIONS,"AMAZON,APPLE,FACEBOOK,GOOGLE",No
USE OF OTHER PLATFORMS,PRODUCT USE,PROVIDE SERVICES,OPERATIONS,"AMAZON,APPLE,FACEBOOK,GOOGLE",No
FEATURES USE,PRODUCT USE,PROVIDE SERVICES,OPERATIONS,"AMAZON,APPLE,FACEBOOK,GOOGLE",No
ACTIVE STATUS,PRODUCT USE,PROVIDE SERVICES,OPERATIONS,"AMAZON,APPLE,FACEBOOK,GOOGLE",No
CONTENT CREATED/UPLOADED,PRODUCT USE,PROVIDE SERVICES,OPERATIONS,"AMAZON,APPLE,FACEBOOK,GOOGLE",No
AD INTERACTIONS,PRODUCT USE,PROVIDE SERVICES,OPERATIONS,"AMAZON,APPLE,FACEBOOK,GOOGLE",No
PUBLIC DATA,NON-PERSONAL DATA,PROVIDE SERVICES,OPERATIONS,"AMAZON,APPLE,FACEBOOK,GOOGLE",No
PURCHASE HISTORY,NON-PERSONAL DATA,PROVIDE SERVICES,OPERATIONS,"AMAZON,APPLE,FACEBOOK,GOOGLE",No
SEARCHES,NON-PERSONAL DATA,PROVIDE SERVICES,OPERATIONS,"AMAZON,APPLE,FACEBOOK,GOOGLE",No
SERVICE PROVIDER INFORMATION,DEVICE SIGNALS,PROVIDE SERVICES,OPERATIONS,"AMAZON,APPLE,FACEBOOK,GOOGLE",No
USER'S CONTACT INFORMATION,PERSONAL DATA,PROVIDE SERVICES,OPERATIONS,"AMAZON,APPLE,FACEBOOK,GOOGLE",No
ACCOUNT INFORMATION,PERSONAL DATA,RESEARCH AND DEVELOPMENT,RESEARCH AND DEVELOPMENT,"AMAZON,APPLE,FACEBOOK,GOOGLE",No
BEHAVIOR ON DEVICES,BEHAVIOR ON DEVICE,RESEARCH AND DEVELOPMENT,RESEARCH AND DEVELOPMENT,"AMAZON,APPLE,FACEBOOK,GOOGLE",No
CAMERA INFORMATION,DEVICE INFO,RESEARCH AND DEVELOPMENT,RESEARCH AND DEVELOPMENT,"AMAZON,APPLE,FACEBOOK,GOOGLE",No
DEVICE INFORMATION,DEVICE INFO,RESEARCH AND DEVELOPMENT,RESEARCH AND DEVELOPMENT,"AMAZON,APPLE,FACEBOOK,GOOGLE",No
DEVICE SETTINGS,DEVICE INFO,RESEARCH AND DEVELOPMENT,RESEARCH AND DEVELOPMENT,"AMAZON,APPLE,FACEBOOK,GOOGLE",No
DEVICE SIGNALS,DEVICE SIGNALS,RESEARCH AND DEVELOPMENT,RESEARCH AND DEVELOPMENT,"AMAZON,APPLE,FACEBOOK,GOOGLE",No
NETWORK INFORMATION,DEVICE INFO,RESEARCH AND DEVELOPMENT,RESEARCH AND DEVELOPMENT,"AMAZON,APPLE,FACEBOOK,GOOGLE",No
PRODUCT USE,PRODUCT USE,RESEARCH AND DEVELOPMENT,RESEARCH AND DEVELOPMENT,"AMAZON,APPLE,FACEBOOK,GOOGLE",No
USE OF OTHER PLATFORMS,PRODUCT USE,RESEARCH AND DEVELOPMENT,RESEARCH AND DEVELOPMENT,"AMAZON,APPLE,FACEBOOK,GOOGLE",No
FEATURES USE,PRODUCT USE,RESEARCH AND DEVELOPMENT,RESEARCH AND DEVELOPMENT,"AMAZON,APPLE,FACEBOOK,GOOGLE",No
ACTIVE STATUS,PRODUCT USE,RESEARCH AND DEVELOPMENT,RESEARCH AND DEVELOPMENT,"AMAZON,APPLE,FACEBOOK,GOOGLE",No
CONTENT CREATED/UPLOADED,PRODUCT USE,RESEARCH AND DEVELOPMENT,RESEARCH AND DEVELOPMENT,"AMAZON,APPLE,FACEBOOK,GOOGLE",No
AD INTERACTIONS,PRODUCT USE,RESEARCH AND DEVELOPMENT,RESEARCH AND DEVELOPMENT,"AMAZON,APPLE,FACEBOOK,GOOGLE",No
SERVICE PROVIDER INFORMATION,DEVICE SIGNALS,RESEARCH AND DEVELOPMENT,RESEARCH AND DEVELOPMENT,"AMAZON,APPLE,FACEBOOK,GOOGLE",No
ACCOUNT INFORMATION,PERSONAL DATA,SERVICES FOR EXTERNAL BUSINESSES,THIRD PARTY,"AMAZON,APPLE,FACEBOOK,GOOGLE",No
APP INFORMATION,BEHAVIOR ON DEVICE,SERVICES FOR EXTERNAL BUSINESSES,THIRD PARTY,"AMAZON,APPLE,FACEBOOK,GOOGLE",No
BEHAVIOR ON DEVICES,BEHAVIOR ON DEVICE,SERVICES FOR EXTERNAL BUSINESSES,THIRD PARTY,"AMAZON,APPLE,FACEBOOK,GOOGLE",No
CALL/MESSAGE METADATA,BEHAVIOR ON DEVICE,SERVICES FOR EXTERNAL BUSINESSES,THIRD PARTY,"AMAZON,APPLE,FACEBOOK,GOOGLE",
CAMERA INFORMATION,DEVICE INFO,SERVICES FOR EXTERNAL BUSINESSES,THIRD PARTY,"AMAZON,APPLE,FACEBOOK,GOOGLE",No
CURRENT LOCATION,LOCATION FROM DEVICE,SERVICES FOR EXTERNAL BUSINESSES,THIRD PARTY,"AMAZON,APPLE,FACEBOOK,GOOGLE",No
DATE OF BIRTH,PERSONAL DATA,SERVICES FOR EXTERNAL BUSINESSES,THIRD PARTY,"AMAZON,APPLE,FACEBOOK,GOOGLE",No
DEVICE INFORMATION,DEVICE INFO,SERVICES FOR EXTERNAL BUSINESSES,THIRD PARTY,"AMAZON,APPLE,FACEBOOK,GOOGLE",No
DEVICE SETTINGS,DEVICE INFO,SERVICES FOR EXTERNAL BUSINESSES,THIRD PARTY,"AMAZON,APPLE,FACEBOOK,GOOGLE",No
DEVICE SIGNALS,DEVICE SIGNALS,SERVICES FOR EXTERNAL BUSINESSES,THIRD PARTY,"AMAZON,APPLE,FACEBOOK,GOOGLE",No
IP ADDRESS,DEVICE INFO,SERVICES FOR EXTERNAL BUSINESSES,THIRD PARTY,"AMAZON,APPLE,FACEBOOK,GOOGLE",No
LOCATION HISTORY,LOCATION FROM DEVICE,SERVICES FOR EXTERNAL BUSINESSES,THIRD PARTY,"AMAZON,APPLE,FACEBOOK,GOOGLE",No
LOGIN INFORMATION,PERSONAL DATA,SERVICES FOR EXTERNAL BUSINESSES,THIRD PARTY,"AMAZON,APPLE,FACEBOOK,GOOGLE",Yes
NAME,PERSONAL DATA,SERVICES FOR EXTERNAL BUSINESSES,THIRD PARTY,"AMAZON,APPLE,FACEBOOK,GOOGLE",No
NETWORK INFORMATION,DEVICE INFO,SERVICES FOR EXTERNAL BUSINESSES,THIRD PARTY,"AMAZON,APPLE,FACEBOOK,GOOGLE",No
NON-PERSONAL DATA,NON-PERSONAL DATA,SERVICES FOR EXTERNAL BUSINESSES,THIRD PARTY,"AMAZON,APPLE,FACEBOOK,GOOGLE",No
PAYMENT CARD INFORMATION,PERSONAL DATA,SERVICES FOR EXTERNAL BUSINESSES,THIRD PARTY,"AMAZON,APPLE,FACEBOOK,GOOGLE",Yes
PHOTOGRAPH FROM PROFILE,PERSONAL DATA,SERVICES FOR EXTERNAL BUSINESSES,THIRD PARTY,"AMAZON,APPLE,FACEBOOK,GOOGLE",No
CUSTOMER SERVICE COMMUNICATIONS,PRODUCT USE,SERVICES FOR EXTERNAL BUSINESSES,THIRD PARTY,"AMAZON,APPLE,FACEBOOK,GOOGLE",No
PRODUCT USE,PRODUCT USE,SERVICES FOR EXTERNAL BUSINESSES,THIRD PARTY,"AMAZON,APPLE,FACEBOOK,GOOGLE",No
USE OF OTHER PLATFORMS,PRODUCT USE,SERVICES FOR EXTERNAL BUSINESSES,THIRD PARTY,"AMAZON,APPLE,FACEBOOK,GOOGLE",No
FEATURES USE,PRODUCT USE,SERVICES FOR EXTERNAL BUSINESSES,THIRD PARTY,"AMAZON,APPLE,FACEBOOK,GOOGLE",No
ACTIVE STATUS,PRODUCT USE,SERVICES FOR EXTERNAL BUSINESSES,THIRD PARTY,"AMAZON,APPLE,FACEBOOK,GOOGLE",No
CONTENT CREATED/UPLOADED,PRODUCT USE,SERVICES FOR EXTERNAL BUSINESSES,THIRD PARTY,"AMAZON,APPLE,FACEBOOK,GOOGLE",No
AD INTERACTIONS,PRODUCT USE,SERVICES FOR EXTERNAL BUSINESSES,THIRD PARTY,"AMAZON,APPLE,FACEBOOK,GOOGLE",No
PURCHASE HISTORY,NON-PERSONAL DATA,SERVICES FOR EXTERNAL BUSINESSES,THIRD PARTY,"AMAZON,APPLE,FACEBOOK,GOOGLE",No
SEARCHES,NON-PERSONAL DATA,SERVICES FOR EXTERNAL BUSINESSES,THIRD PARTY,"AMAZON,APPLE,FACEBOOK,GOOGLE",No
SERVICE PROVIDER INFORMATION,DEVICE SIGNALS,SERVICES FOR EXTERNAL BUSINESSES,THIRD PARTY,"AMAZON,APPLE,FACEBOOK,GOOGLE",No
USER'S CONTACT INFORMATION,PERSONAL DATA,SERVICES FOR EXTERNAL BUSINESSES,THIRD PARTY,"AMAZON,APPLE,FACEBOOK,GOOGLE",No
ACCOUNT INFORMATION,PERSONAL DATA,THIRD PARTY,THIRD PARTY,"AMAZON,APPLE,FACEBOOK,GOOGLE",No
APP INFORMATION,BEHAVIOR ON DEVICE,THIRD PARTY,THIRD PARTY,"AMAZON,APPLE,FACEBOOK,GOOGLE",No
BEHAVIOR ON DEVICES,BEHAVIOR ON DEVICE,THIRD PARTY,THIRD PARTY,"AMAZON,APPLE,FACEBOOK,GOOGLE",No
CALL/MESSAGE METADATA,BEHAVIOR ON DEVICE,THIRD PARTY,THIRD PARTY,"AMAZON,APPLE,FACEBOOK,GOOGLE",
CAMERA INFORMATION,DEVICE INFO,THIRD PARTY,THIRD PARTY,"AMAZON,APPLE,FACEBOOK,GOOGLE",No
CURRENT LOCATION,LOCATION FROM DEVICE,THIRD PARTY,THIRD PARTY,"AMAZON,APPLE,FACEBOOK,GOOGLE",No
DATE OF BIRTH,PERSONAL DATA,THIRD PARTY,THIRD PARTY,"AMAZON,APPLE,FACEBOOK,GOOGLE",No
DEMOGRAPHICS,NON-PERSONAL DATA,THIRD PARTY,THIRD PARTY,"AMAZON,APPLE,FACEBOOK,GOOGLE",No
DEVICE IDENTIFIERS,DEVICE INFO,THIRD PARTY,THIRD PARTY,"AMAZON,APPLE,FACEBOOK,GOOGLE",No
DEVICE INFORMATION,DEVICE INFO,THIRD PARTY,THIRD PARTY,"AMAZON,APPLE,FACEBOOK,GOOGLE",No
DEVICE SETTINGS,DEVICE INFO,THIRD PARTY,THIRD PARTY,"AMAZON,APPLE,FACEBOOK,GOOGLE",No
DEVICE SIGNALS,DEVICE SIGNALS,THIRD PARTY,THIRD PARTY,"AMAZON,APPLE,FACEBOOK,GOOGLE",No
IP ADDRESS,DEVICE INFO,THIRD PARTY,THIRD PARTY,"AMAZON,APPLE,FACEBOOK,GOOGLE",No
LOCATION HISTORY,LOCATION FROM DEVICE,THIRD PARTY,THIRD PARTY,"AMAZON,APPLE,FACEBOOK,GOOGLE",No
NAME,PERSONAL DATA,THIRD PARTY,THIRD PARTY,"AMAZON,APPLE,FACEBOOK,GOOGLE",No
NETWORK INFORMATION,DEVICE INFO,THIRD PARTY,THIRD PARTY,"AMAZON,APPLE,FACEBOOK,GOOGLE",No
NON-PERSONAL DATA,NON-PERSONAL DATA,THIRD PARTY,THIRD PARTY,"AMAZON,APPLE,FACEBOOK,GOOGLE",No
PHOTOGRAPH FROM PROFILE,PERSONAL DATA,THIRD PARTY,THIRD PARTY,"AMAZON,APPLE,FACEBOOK,GOOGLE",No
PRODUCT USE,PRODUCT USE,THIRD PARTY,THIRD PARTY,"AMAZON,APPLE,FACEBOOK,GOOGLE",No
USE OF OTHER PLATFORMS,PRODUCT USE,THIRD PARTY,THIRD PARTY,"AMAZON,APPLE,FACEBOOK,GOOGLE",No
FEATURES USE,PRODUCT USE,THIRD PARTY,THIRD PARTY,"AMAZON,APPLE,FACEBOOK,GOOGLE",No
ACTIVE STATUS,PRODUCT USE,THIRD PARTY,THIRD PARTY,"AMAZON,APPLE,FACEBOOK,GOOGLE",No
CONTENT CREATED/UPLOADED,PRODUCT USE,THIRD PARTY,THIRD PARTY,"AMAZON,APPLE,FACEBOOK,GOOGLE",No
AD INTERACTIONS,PRODUCT USE,THIRD PARTY,THIRD PARTY,"AMAZON,APPLE,FACEBOOK,GOOGLE",No
PUBLIC DATA,NON-PERSONAL DATA,THIRD PARTY,THIRD PARTY,"AMAZON,APPLE,FACEBOOK,GOOGLE",No
PURCHASE HISTORY,NON-PERSONAL DATA,THIRD PARTY,THIRD PARTY,"AMAZON,APPLE,FACEBOOK,GOOGLE",No
SEARCHES,NON-PERSONAL DATA,THIRD PARTY,THIRD PARTY,"AMAZON,APPLE,FACEBOOK,GOOGLE",No
SERVICE PROVIDER INFORMATION,DEVICE SIGNALS,THIRD PARTY,THIRD PARTY,"AMAZON,APPLE,FACEBOOK,GOOGLE",No
USER'S CONTACT INFORMATION,PERSONAL DATA,THIRD PARTY,THIRD PARTY,"AMAZON,APPLE,FACEBOOK,GOOGLE",No
DEVICE IDENTIFIERS,DEVICE INFO,ADVERTISING,ADVERTISING,"AMAZON,APPLE,GOOGLE",
CUSTOMER SERVICE COMMUNICATIONS,PRODUCT USE,ANALYTICS,ANALYTICS,"AMAZON,APPLE,GOOGLE",
CUSTOMER SERVICE COMMUNICATIONS,PRODUCT USE,COMPANY OPERATIONS,OPERATIONS,"AMAZON,APPLE,GOOGLE",
CONTACTS' INFORMATION,PERSONAL DATA,IMPROVE PRODUCTS,ANALYTICS,"AMAZON,APPLE,GOOGLE",
DEVICE IDENTIFIERS,DEVICE INFO,IMPROVE PRODUCTS,ANALYTICS,"AMAZON,APPLE,GOOGLE",
CUSTOMER SERVICE COMMUNICATIONS,PRODUCT USE,IMPROVE PRODUCTS,ANALYTICS,"AMAZON,APPLE,GOOGLE",
DEVICE IDENTIFIERS,DEVICE INFO,LEARN USERS' BEHAVIOR,ANALYTICS,"AMAZON,APPLE,GOOGLE",
CUSTOMER SERVICE COMMUNICATIONS,PRODUCT USE,LEARN USERS' BEHAVIOR,ANALYTICS,"AMAZON,APPLE,GOOGLE",
DEVICE IDENTIFIERS,DEVICE INFO,LOCATION-BASED SERVICES,OPERATIONS,"AMAZON,APPLE,GOOGLE",
NON-PERSONAL DATA,NON-PERSONAL DATA,LOCATION-BASED SERVICES,OPERATIONS,"AMAZON,APPLE,GOOGLE",
PAYMENT CARD INFORMATION,PERSONAL DATA,LOCATION-BASED SERVICES,OPERATIONS,"AMAZON,APPLE,GOOGLE",
CUSTOMER SERVICE COMMUNICATIONS,PRODUCT USE,LOCATION-BASED SERVICES,OPERATIONS,"AMAZON,APPLE,GOOGLE",
SEARCHES,NON-PERSONAL DATA,LOCATION-BASED SERVICES,OPERATIONS,"AMAZON,APPLE,GOOGLE",
DEVICE IDENTIFIERS,DEVICE INFO,PERSONALIZE CONTENT,ANALYTICS,"AMAZON,APPLE,GOOGLE",
PAYMENT CARD INFORMATION,PERSONAL DATA,PERSONALIZE CONTENT,ANALYTICS,"AMAZON,APPLE,GOOGLE",
CUSTOMER SERVICE COMMUNICATIONS,PRODUCT USE,PERSONALIZE CONTENT,ANALYTICS,"AMAZON,APPLE,GOOGLE",
PURCHASE HISTORY,NON-PERSONAL DATA,PERSONALIZE CONTENT,ANALYTICS,"AMAZON,APPLE,GOOGLE",
DEVICE IDENTIFIERS,DEVICE INFO,PERSONALIZE PRODUCTS,ANALYTICS,"AMAZON,APPLE,GOOGLE",
PAYMENT CARD INFORMATION,PERSONAL DATA,PERSONALIZE PRODUCTS,ANALYTICS,"AMAZON,APPLE,GOOGLE",
PURCHASE HISTORY,NON-PERSONAL DATA,PERSONALIZE PRODUCTS,ANALYTICS,"AMAZON,APPLE,GOOGLE",
DEVICE IDENTIFIERS,DEVICE INFO,PRODUCT SAFETY,SAFETY AND SECURITY,"AMAZON,APPLE,GOOGLE",
NAME,PERSONAL DATA,PRODUCT SAFETY,SAFETY AND SECURITY,"AMAZON,APPLE,GOOGLE",No
PAYMENT CARD INFORMATION,PERSONAL DATA,PRODUCT SAFETY,SAFETY AND SECURITY,"AMAZON,APPLE,GOOGLE",
PURCHASE HISTORY,NON-PERSONAL DATA,PRODUCT SAFETY,SAFETY AND SECURITY,"AMAZON,APPLE,GOOGLE",
SEARCHES,NON-PERSONAL DATA,PRODUCT SAFETY,SAFETY AND SECURITY,"AMAZON,APPLE,GOOGLE",
PAYMENT CARD INFORMATION,PERSONAL DATA,PROTECT COMPANY,SAFETY AND SECURITY,"AMAZON,APPLE,GOOGLE",
CUSTOMER SERVICE COMMUNICATIONS,PRODUCT USE,PROTECT COMPANY,SAFETY AND SECURITY,"AMAZON,APPLE,GOOGLE",
PURCHASE HISTORY,NON-PERSONAL DATA,PROTECT COMPANY,SAFETY AND SECURITY,"AMAZON,APPLE,GOOGLE",
PURCHASE HISTORY,NON-PERSONAL DATA,LOCATION-BASED SERVICES,OPERATIONS,"AMAZON,APPLE.GOOGLE",
DRIVER'S LICENSE NUMBER,PERSONAL DATA,ACCOUNT SECURITY,SAFETY AND SECURITY,"AMAZON,FACEBOOK,GOOGLE",Yes
NEARBY LOCATIONS AND PEOPLE,LOCATION FROM DEVICE,ACCOUNT SECURITY,SAFETY AND SECURITY,"AMAZON,FACEBOOK,GOOGLE",No
CUSTOMER SERVICE COMMUNICATIONS,PRODUCT USE,ACCOUNT SECURITY,SAFETY AND SECURITY,"AMAZON,FACEBOOK,GOOGLE",No
SOCIAL SECURITY NUMBER,PERSONAL DATA,ACCOUNT SECURITY,SAFETY AND SECURITY,"AMAZON,FACEBOOK,GOOGLE",Yes
PUBLIC DATA,NON-PERSONAL DATA,ANALYTICS,ANALYTICS,"AMAZON,FACEBOOK,GOOGLE",No
PURCHASE HISTORY,NON-PERSONAL DATA,ANALYTICS,ANALYTICS,"AMAZON,FACEBOOK,GOOGLE",No
NEARBY LOCATIONS AND PEOPLE,LOCATION FROM DEVICE,COMPANY OPERATIONS,OPERATIONS,"AMAZON,FACEBOOK,GOOGLE",No
PHOTOS,PERSONAL DATA,LEGAL COMPLIANCE,THIRD PARTY,"AMAZON,FACEBOOK,GOOGLE",No
PHOTOGRAPH FROM PROFILE,PERSONAL DATA,LOCATION-BASED SERVICES,OPERATIONS,"AMAZON,FACEBOOK,GOOGLE",No
NEARBY LOCATIONS AND PEOPLE,LOCATION FROM DEVICE,PERSONALIZE PRODUCTS,ANALYTICS,"AMAZON,FACEBOOK,GOOGLE",No
LOGIN INFORMATION,PERSONAL DATA,PROVIDE SERVICES,OPERATIONS,"AMAZON,FACEBOOK,GOOGLE",No
DEVICE IDENTIFIERS,DEVICE INFO,SERVICES FOR EXTERNAL BUSINESSES,THIRD PARTY,"AMAZON,FACEBOOK,GOOGLE",No
PUBLIC DATA,NON-PERSONAL DATA,SERVICES FOR EXTERNAL BUSINESSES,THIRD PARTY,"AMAZON,FACEBOOK,GOOGLE",No
CREDIT HISTORY,PERSONAL DATA,ADVERTISING,ADVERTISING,"AMAZON,GOOGLE",
DRIVER'S LICENSE NUMBER,PERSONAL DATA,COMPANY OPERATIONS,OPERATIONS,"AMAZON,GOOGLE",
SOCIAL SECURITY NUMBER,PERSONAL DATA,COMPANY OPERATIONS,OPERATIONS,"AMAZON,GOOGLE",
PHOTOS,PERSONAL DATA,IMPROVE PRODUCTS,ANALYTICS,"AMAZON,GOOGLE",
CONTACTS' INFORMATION,PERSONAL DATA,LEARN USERS' BEHAVIOR,ANALYTICS,"AMAZON,GOOGLE",
PURCHASE HISTORY,NON-PERSONAL DATA,LEARN USERS' BEHAVIOR,ANALYTICS,"AMAZON,GOOGLE",
CONTACTS' INFORMATION,PERSONAL DATA,LOCATION-BASED SERVICES,OPERATIONS,"AMAZON,GOOGLE",
CONTACTS' INFORMATION,PERSONAL DATA,PERSONALIZE CONTENT,ANALYTICS,"AMAZON,GOOGLE",
SOCIAL SECURITY NUMBER,PERSONAL DATA,PERSONALIZE CONTENT,ANALYTICS,"AMAZON,GOOGLE",
CONTACTS' INFORMATION,PERSONAL DATA,PERSONALIZE PRODUCTS,ANALYTICS,"AMAZON,GOOGLE",
CUSTOMER SERVICE COMMUNICATIONS,PRODUCT USE,PERSONALIZE PRODUCTS,ANALYTICS,"AMAZON,GOOGLE",
CONTACTS' INFORMATION,PERSONAL DATA,PRODUCT SAFETY,SAFETY AND SECURITY,"AMAZON,GOOGLE",
DRIVER'S LICENSE NUMBER,PERSONAL DATA,PRODUCT SAFETY,SAFETY AND SECURITY,"AMAZON,GOOGLE",
CUSTOMER SERVICE COMMUNICATIONS,PRODUCT USE,PRODUCT SAFETY,SAFETY AND SECURITY,"AMAZON,GOOGLE",
SOCIAL SECURITY NUMBER,PERSONAL DATA,PRODUCT SAFETY,SAFETY AND SECURITY,"AMAZON,GOOGLE",
CREDIT HISTORY,PERSONAL DATA,PROTECT COMPANY,SAFETY AND SECURITY,"AMAZON,GOOGLE",
DEVICE IDENTIFIERS,DEVICE INFO,PROTECT COMPANY,SAFETY AND SECURITY,"AMAZON,GOOGLE",
DRIVER'S LICENSE NUMBER,PERSONAL DATA,PROTECT COMPANY,SAFETY AND SECURITY,"AMAZON,GOOGLE",
SOCIAL SECURITY NUMBER,PERSONAL DATA,PROTECT COMPANY,SAFETY AND SECURITY,"AMAZON,GOOGLE",
DRIVER'S LICENSE NUMBER,PERSONAL DATA,PROVIDE SERVICES,OPERATIONS,"AMAZON,GOOGLE",
SOCIAL SECURITY NUMBER,PERSONAL DATA,PROVIDE SERVICES,OPERATIONS,"AMAZON,GOOGLE",
DEVICE IDENTIFIERS,DEVICE INFO,RESEARCH AND DEVELOPMENT,RESEARCH AND DEVELOPMENT,"AMAZON,GOOGLE",
CREDIT HISTORY,PERSONAL DATA,SERVICES FOR EXTERNAL BUSINESSES,THIRD PARTY,"AMAZON,GOOGLE",
DRIVER'S LICENSE NUMBER,PERSONAL DATA,SERVICES FOR EXTERNAL BUSINESSES,THIRD PARTY,"AMAZON,GOOGLE",
SOCIAL SECURITY NUMBER,PERSONAL DATA,SERVICES FOR EXTERNAL BUSINESSES,THIRD PARTY,"AMAZON,GOOGLE",
DRIVER'S LICENSE NUMBER,PERSONAL DATA,THIRD PARTY,THIRD PARTY,"AMAZON,GOOGLE",
CALL/MESSAGE METADATA,BEHAVIOR ON DEVICE,ANY PURPOSE,ANY PURPOSE,APPLE,
USE OF OTHER PLATFORMS,PRODUCT USE,ANY PURPOSE,ANY PURPOSE,APPLE,
SEARCHES,NON-PERSONAL DATA,ANY PURPOSE,ANY PURPOSE,APPLE,
BIOMETRICS,PERSONAL DATA,PERSONALIZE PRODUCTS,ANALYTICS,"APPLE,FACEBOOK",Partial
NEARBY LOCATIONS AND PEOPLE,LOCATION FROM DEVICE,ADVERTISING,ADVERTISING,"APPLE,FACEBOOK,GOOGLE",No
LOGIN INFORMATION,PERSONAL DATA,COMPANY OPERATIONS,OPERATIONS,"APPLE,FACEBOOK,GOOGLE",No
BIOMETRICS,PERSONAL DATA,IMPROVE PRODUCTS,ANALYTICS,"APPLE,FACEBOOK,GOOGLE",No
DEMOGRAPHICS,NON-PERSONAL DATA,LEARN USERS' BEHAVIOR,ANALYTICS,"APPLE,FACEBOOK,GOOGLE",No
CALL/MESSAGE METADATA,BEHAVIOR ON DEVICE,LOCATION-BASED SERVICES,OPERATIONS,"APPLE,FACEBOOK,GOOGLE",
NEARBY LOCATIONS AND PEOPLE,LOCATION FROM DEVICE,PROTECT COMPANY,SAFETY AND SECURITY,"APPLE,FACEBOOK,GOOGLE",No
BIOMETRICS,PERSONAL DATA,PROVIDE SERVICES,OPERATIONS,"APPLE,FACEBOOK,GOOGLE",No
CALL/MESSAGE METADATA,BEHAVIOR ON DEVICE,RESEARCH AND DEVELOPMENT,RESEARCH AND DEVELOPMENT,"APPLE,FACEBOOK,GOOGLE",
SEARCHES,NON-PERSONAL DATA,RESEARCH AND DEVELOPMENT,RESEARCH AND DEVELOPMENT,"APPLE,FACEBOOK,GOOGLE",No
DEMOGRAPHICS,NON-PERSONAL DATA,SERVICES FOR EXTERNAL BUSINESSES,THIRD PARTY,"APPLE,FACEBOOK,GOOGLE",No
NEARBY LOCATIONS AND PEOPLE,LOCATION FROM DEVICE,SERVICES FOR EXTERNAL BUSINESSES,THIRD PARTY,"APPLE,FACEBOOK,GOOGLE",No
NEARBY LOCATIONS AND PEOPLE,LOCATION FROM DEVICE,THIRD PARTY,THIRD PARTY,"APPLE,FACEBOOK,GOOGLE",No
BIOMETRICS,PERSONAL DATA,ACCOUNT SECURITY,SAFETY AND SECURITY,"APPLE,GOOGLE",
FILE INFORMATION,DEVICE INFO,COMPANY OPERATIONS,OPERATIONS,"APPLE,GOOGLE",
PAYMENT CARD INFORMATION,PERSONAL DATA,COMPANY OPERATIONS,OPERATIONS,"APPLE,GOOGLE",
FAMILY MEMBERS' INFORMATION,PERSONAL DATA,LOCATION-BASED SERVICES,OPERATIONS,"APPLE,GOOGLE",
PAYMENT CARD INFORMATION,PERSONAL DATA,RESEARCH AND DEVELOPMENT,RESEARCH AND DEVELOPMENT,"APPLE,GOOGLE",
PHOTOGRAPH FROM PROFILE,PERSONAL DATA,RESEARCH AND DEVELOPMENT,RESEARCH AND DEVELOPMENT,"APPLE,GOOGLE",
PUBLIC DATA,NON-PERSONAL DATA,RESEARCH AND DEVELOPMENT,RESEARCH AND DEVELOPMENT,"APPLE,GOOGLE",
PURCHASE HISTORY,NON-PERSONAL DATA,RESEARCH AND DEVELOPMENT,RESEARCH AND DEVELOPMENT,"APPLE,GOOGLE",
USER'S CONTACT INFORMATION,PERSONAL DATA,RESEARCH AND DEVELOPMENT,RESEARCH AND DEVELOPMENT,"APPLE,GOOGLE",
FAMILY MEMBERS' INFORMATION,PERSONAL DATA,ACCOUNT SECURITY,SAFETY AND SECURITY,FACEBOOK,No
PHOTOS,PERSONAL DATA,ACCOUNT SECURITY,SAFETY AND SECURITY,FACEBOOK,No
CONTACTS' INFORMATION,PERSONAL DATA,ADVERTISING,ADVERTISING,FACEBOOK,No
FAMILY MEMBERS' INFORMATION,PERSONAL DATA,ANALYTICS,ANALYTICS,FACEBOOK,No
FILE INFORMATION,DEVICE INFO,ACCOUNT SECURITY,SAFETY AND SECURITY,"FACEBOOK,GOOGLE",No
DEMOGRAPHICS,NON-PERSONAL DATA,ADVERTISING,ADVERTISING,"FACEBOOK,GOOGLE",No
CONTACTS' INFORMATION,PERSONAL DATA,ANALYTICS,ANALYTICS,"FACEBOOK,GOOGLE",No
DEMOGRAPHICS,NON-PERSONAL DATA,ANALYTICS,ANALYTICS,"FACEBOOK,GOOGLE",No
FILE INFORMATION,DEVICE INFO,ANALYTICS,ANALYTICS,"FACEBOOK,GOOGLE",No
PHOTOS,PERSONAL DATA,ANALYTICS,ANALYTICS,"FACEBOOK,GOOGLE",No
PHOTOS,PERSONAL DATA,COMPANY OPERATIONS,OPERATIONS,"FACEBOOK,GOOGLE",No
DEMOGRAPHICS,NON-PERSONAL DATA,IMPROVE PRODUCTS,ANALYTICS,"FACEBOOK,GOOGLE",No
PHOTOS,PERSONAL DATA,LOCATION-BASED SERVICES,OPERATIONS,"FACEBOOK,GOOGLE",No
DEMOGRAPHICS,NON-PERSONAL DATA,PRODUCT SAFETY,SAFETY AND SECURITY,"FACEBOOK,GOOGLE",No
CONTACTS' INFORMATION,PERSONAL DATA,PROTECT COMPANY,SAFETY AND SECURITY,"FACEBOOK,GOOGLE",No
DEMOGRAPHICS,NON-PERSONAL DATA,PROTECT COMPANY,SAFETY AND SECURITY,"FACEBOOK,GOOGLE",No
FAMILY MEMBERS' INFORMATION,PERSONAL DATA,PROVIDE SERVICES,OPERATIONS,"FACEBOOK,GOOGLE",No
FILE INFORMATION,DEVICE INFO,PROVIDE SERVICES,OPERATIONS,"FACEBOOK,GOOGLE",No
PHOTOS,PERSONAL DATA,PROVIDE SERVICES,OPERATIONS,"FACEBOOK,GOOGLE",No
APP INFORMATION,BEHAVIOR ON DEVICE,RESEARCH AND DEVELOPMENT,RESEARCH AND DEVELOPMENT,"FACEBOOK,GOOGLE",No
CONTACTS' INFORMATION,PERSONAL DATA,RESEARCH AND DEVELOPMENT,RESEARCH AND DEVELOPMENT,"FACEBOOK,GOOGLE",No
IP ADDRESS,DEVICE INFO,RESEARCH AND DEVELOPMENT,RESEARCH AND DEVELOPMENT,"FACEBOOK,GOOGLE",No
LOCATION HISTORY,LOCATION FROM DEVICE,RESEARCH AND DEVELOPMENT,RESEARCH AND DEVELOPMENT,"FACEBOOK,GOOGLE",No
LOGIN INFORMATION,PERSONAL DATA,RESEARCH AND DEVELOPMENT,RESEARCH AND DEVELOPMENT,"FACEBOOK,GOOGLE",No
NAME,PERSONAL DATA,RESEARCH AND DEVELOPMENT,RESEARCH AND DEVELOPMENT,"FACEBOOK,GOOGLE",No
NEARBY LOCATIONS AND PEOPLE,LOCATION FROM DEVICE,RESEARCH AND DEVELOPMENT,RESEARCH AND DEVELOPMENT,"FACEBOOK,GOOGLE",No
NON-PERSONAL DATA,NON-PERSONAL DATA,RESEARCH AND DEVELOPMENT,RESEARCH AND DEVELOPMENT,"FACEBOOK,GOOGLE",No
CUSTOMER SERVICE COMMUNICATIONS,PRODUCT USE,RESEARCH AND DEVELOPMENT,RESEARCH AND DEVELOPMENT,"FACEBOOK,GOOGLE",No
CONTACTS' INFORMATION,PERSONAL DATA,SERVICES FOR EXTERNAL BUSINESSES,THIRD PARTY,"FACEBOOK,GOOGLE",No
FILE INFORMATION,DEVICE INFO,SERVICES FOR EXTERNAL BUSINESSES,THIRD PARTY,"FACEBOOK,GOOGLE",No
PHOTOS,PERSONAL DATA,SERVICES FOR EXTERNAL BUSINESSES,THIRD PARTY,"FACEBOOK,GOOGLE",No
CONTACTS' INFORMATION,PERSONAL DATA,THIRD PARTY,THIRD PARTY,"FACEBOOK,GOOGLE",Partial
CREDIT HISTORY,PERSONAL DATA,ACCOUNT SECURITY,SAFETY AND SECURITY,GOOGLE,
CREDIT HISTORY,PERSONAL DATA,ANALYTICS,ANALYTICS,GOOGLE,
FILE INFORMATION,DEVICE INFO,IMPROVE PRODUCTS,ANALYTICS,GOOGLE,
FILE INFORMATION,DEVICE INFO,LEARN USERS' BEHAVIOR,ANALYTICS,GOOGLE,
PHOTOS,PERSONAL DATA,LEARN USERS' BEHAVIOR,ANALYTICS,GOOGLE,
CREDIT HISTORY,PERSONAL DATA,PERSONALIZE CONTENT,ANALYTICS,GOOGLE,
DEMOGRAPHICS,NON-PERSONAL DATA,PERSONALIZE CONTENT,ANALYTICS,GOOGLE,
FILE INFORMATION,DEVICE INFO,PERSONALIZE CONTENT,ANALYTICS,GOOGLE,
PHOTOS,PERSONAL DATA,PERSONALIZE CONTENT,ANALYTICS,GOOGLE,
DEMOGRAPHICS,NON-PERSONAL DATA,PERSONALIZE PRODUCTS,ANALYTICS,GOOGLE,
FILE INFORMATION,DEVICE INFO,PERSONALIZE PRODUCTS,ANALYTICS,GOOGLE,
PHOTOS,PERSONAL DATA,PERSONALIZE PRODUCTS,ANALYTICS,GOOGLE,
CREDIT HISTORY,PERSONAL DATA,PRODUCT SAFETY,SAFETY AND SECURITY,GOOGLE,
FILE INFORMATION,DEVICE INFO,PRODUCT SAFETY,SAFETY AND SECURITY,GOOGLE,
PHOTOS,PERSONAL DATA,PRODUCT SAFETY,SAFETY AND SECURITY,GOOGLE,
FILE INFORMATION,DEVICE INFO,PROTECT COMPANY,SAFETY AND SECURITY,GOOGLE,
PHOTOS,PERSONAL DATA,PROTECT COMPANY,SAFETY AND SECURITY,GOOGLE,
CREDIT HISTORY,PERSONAL DATA,PROVIDE SERVICES,OPERATIONS,GOOGLE,
CREDIT HISTORY,PERSONAL DATA,RESEARCH AND DEVELOPMENT,RESEARCH AND DEVELOPMENT,GOOGLE,
CURRENT LOCATION,LOCATION FROM DEVICE,RESEARCH AND DEVELOPMENT,RESEARCH AND DEVELOPMENT,GOOGLE,
DATE OF BIRTH,PERSONAL DATA,RESEARCH AND DEVELOPMENT,RESEARCH AND DEVELOPMENT,GOOGLE,
DEMOGRAPHICS,NON-PERSONAL DATA,RESEARCH AND DEVELOPMENT,RESEARCH AND DEVELOPMENT,GOOGLE,
DRIVER'S LICENSE NUMBER,PERSONAL DATA,RESEARCH AND DEVELOPMENT,RESEARCH AND DEVELOPMENT,GOOGLE,
FAMILY MEMBERS' INFORMATION,PERSONAL DATA,RESEARCH AND DEVELOPMENT,RESEARCH AND DEVELOPMENT,GOOGLE,
FILE INFORMATION,DEVICE INFO,RESEARCH AND DEVELOPMENT,RESEARCH AND DEVELOPMENT,GOOGLE,
PHOTOS,PERSONAL DATA,RESEARCH AND DEVELOPMENT,RESEARCH AND DEVELOPMENT,GOOGLE,
SOCIAL SECURITY NUMBER,PERSONAL DATA,RESEARCH AND DEVELOPMENT,RESEARCH AND DEVELOPMENT,GOOGLE,
FAMILY MEMBERS' INFORMATION,PERSONAL DATA,SERVICES FOR EXTERNAL BUSINESSES,THIRD PARTY,GOOGLE,
SOCIAL SECURITY NUMBER,PERSONAL DATA,THIRD PARTY,THIRD PARTY,GOOGLE,