DATATYPE,DATATYPESUBCATEGORY,PURPOSE,PURPOSESUBCATEGORY,COMPANIES,IN_NODES,IN_NODES
ACCOUNTS,PERSONAL DATA,ACCOUNT SECURITY,SAFETY AND SECURITY,"AMAZON,APPLE,FACEBOOK,GOOGLE",51,25
ACCOUNTS,PERSONAL DATA,ADVERTISING,ADVERTISING,"AMAZON,APPLE",51,11
ACCOUNTS,PERSONAL DATA,ANALYTICS,ANALYTICS,"AMAZON,APPLE,FACEBOOK",51,13
ACCOUNTS,PERSONAL DATA,ANY PURPOSE,ANY PURPOSE,"AMAZON,APPLE,FACEBOOK,GOOGLE",51,18
ACCOUNTS,PERSONAL DATA,ANYONE,THIRD PARTY,APPLE,51,28
ACCOUNTS,PERSONAL DATA,COMPANY OPERATIONS,OPERATIONS,"AMAZON,APPLE,FACEBOOK,GOOGLE",51,20
ACCOUNTS,PERSONAL DATA,IMPROVE PRODUCT,ANALYTICS,"AMAZON,APPLE,FACEBOOK",51,14
ACCOUNTS,PERSONAL DATA,LEARN USERS' BEHAVIOR,ANALYTICS,"AMAZON,APPLE,FACEBOOK",51,15
ACCOUNTS,PERSONAL DATA,LOCATION-BASED SERVICES,OPERATIONS,"AMAZON,APPLE,FACEBOOK",51,19
ACCOUNTS,PERSONAL DATA,OTHER,ADVERTISING,"AMAZON,APPLE,FACEBOOK,GOOGLE",51,12
ACCOUNTS,PERSONAL DATA,PERSONALIZE CONTENT,ANALYTICS,"AMAZON,APPLE",51,16
ACCOUNTS,PERSONAL DATA,PERSONALIZE PRODUCT,ANALYTICS,"AMAZON,APPLE,FACEBOOK",51,17
ACCOUNTS,PERSONAL DATA,PRODUCT SAFETY,SAFETY AND SECURITY,"AMAZON,APPLE",51,26
ACCOUNTS,PERSONAL DATA,PROTECT COMPANY,SAFETY AND SECURITY,"AMAZON,APPLE",51,27
ACCOUNTS,PERSONAL DATA,PROVIDE SERVICES,OPERATIONS,"AMAZON,APPLE,FACEBOOK,GOOGLE",51,21
ACCOUNTS,PERSONAL DATA,RECOGNIZE FACES,OPERATIONS,"AMAZON,APPLE",51,22
ACCOUNTS,PERSONAL DATA,RESEARCH AND DEVELOPMENT,RESEARCH AND DEVELOPMENT,FACEBOOK,51,24
ACCOUNTS,PERSONAL DATA,SERVICES FOR EXTERNAL BUSINESSES,THIRD PARTY,"AMAZON,APPLE",51,23
ACCOUNTS,PERSONAL DATA,THIRD PARTY,THIRD PARTY,"AMAZON,APPLE,FACEBOOK",51,29
APP INFO,BEHAVIOR ON DEVICE,ACCOUNT SECURITY,SAFETY AND SECURITY,"AMAZON,APPLE,FACEBOOK,GOOGLE",31,25
APP INFO,BEHAVIOR ON DEVICE,ADVERTISING,ADVERTISING,"AMAZON,APPLE,FACEBOOK,GOOGLE",31,11
APP INFO,BEHAVIOR ON DEVICE,ANALYTICS,ANALYTICS,"AMAZON,APPLE,FACEBOOK,GOOGLE",31,13
APP INFO,BEHAVIOR ON DEVICE,ANY PURPOSE,ANY PURPOSE,"AMAZON,APPLE,FACEBOOK,GOOGLE",31,18
APP INFO,BEHAVIOR ON DEVICE,ANYONE,THIRD PARTY,"APPLE,FACEBOOK,GOOGLE",31,28
APP INFO,BEHAVIOR ON DEVICE,COMPANY OPERATIONS,OPERATIONS,"AMAZON,APPLE,FACEBOOK,GOOGLE",31,20
APP INFO,BEHAVIOR ON DEVICE,IMPROVE PRODUCT,ANALYTICS,"AMAZON,APPLE,FACEBOOK,GOOGLE",31,14
APP INFO,BEHAVIOR ON DEVICE,LEARN USERS' BEHAVIOR,ANALYTICS,"AMAZON,APPLE,FACEBOOK,GOOGLE",31,15
APP INFO,BEHAVIOR ON DEVICE,LOCATION-BASED SERVICES,OPERATIONS,"AMAZON,APPLE,FACEBOOK,GOOGLE",31,19
APP INFO,BEHAVIOR ON DEVICE,OTHER,ADVERTISING,"AMAZON,APPLE,FACEBOOK,GOOGLE",31,12
APP INFO,BEHAVIOR ON DEVICE,PERSONALIZE CONTENT,ANALYTICS,"AMAZON,APPLE,FACEBOOK,GOOGLE",31,16
APP INFO,BEHAVIOR ON DEVICE,PERSONALIZE PRODUCT,ANALYTICS,"AMAZON,APPLE,FACEBOOK,GOOGLE",31,17
APP INFO,BEHAVIOR ON DEVICE,PRODUCT SAFETY,SAFETY AND SECURITY,"AMAZON,APPLE,FACEBOOK,GOOGLE",31,26
APP INFO,BEHAVIOR ON DEVICE,PROTECT COMPANY,SAFETY AND SECURITY,"AMAZON,APPLE,FACEBOOK,GOOGLE",31,27
APP INFO,BEHAVIOR ON DEVICE,PROVIDE SERVICES,OPERATIONS,"AMAZON,APPLE,FACEBOOK,GOOGLE",31,21
APP INFO,BEHAVIOR ON DEVICE,RECOGNIZE FACES,OPERATIONS,"AMAZON,APPLE,FACEBOOK,GOOGLE",31,22
APP INFO,BEHAVIOR ON DEVICE,SERVICES FOR EXTERNAL BUSINESSES,THIRD PARTY,"AMAZON,APPLE,FACEBOOK,GOOGLE",31,23
APP INFO,BEHAVIOR ON DEVICE,THIRD PARTY,THIRD PARTY,"AMAZON,APPLE,FACEBOOK,GOOGLE",31,29
BEHAVIOR ON DEVICE,BEHAVIOR ON DEVICE,ACCOUNT SECURITY,SAFETY AND SECURITY,"AMAZON,APPLE,FACEBOOK,GOOGLE",32,25
BEHAVIOR ON DEVICE,BEHAVIOR ON DEVICE,ADVERTISING,ADVERTISING,"AMAZON,APPLE,FACEBOOK,GOOGLE",32,11
BEHAVIOR ON DEVICE,BEHAVIOR ON DEVICE,ANALYTICS,ANALYTICS,"AMAZON,APPLE,FACEBOOK,GOOGLE",32,13
BEHAVIOR ON DEVICE,BEHAVIOR ON DEVICE,ANY PURPOSE,ANY PURPOSE,"AMAZON,APPLE,FACEBOOK,GOOGLE",32,18
BEHAVIOR ON DEVICE,BEHAVIOR ON DEVICE,ANYONE,THIRD PARTY,"AMAZON,APPLE,FACEBOOK,GOOGLE",32,28
BEHAVIOR ON DEVICE,BEHAVIOR ON DEVICE,COMPANY OPERATIONS,OPERATIONS,"AMAZON,APPLE,FACEBOOK,GOOGLE",32,20
BEHAVIOR ON DEVICE,BEHAVIOR ON DEVICE,IMPROVE PRODUCT,ANALYTICS,"AMAZON,APPLE,FACEBOOK,GOOGLE",32,14
BEHAVIOR ON DEVICE,BEHAVIOR ON DEVICE,LEARN USERS' BEHAVIOR,ANALYTICS,"AMAZON,APPLE,FACEBOOK,GOOGLE",32,15
BEHAVIOR ON DEVICE,BEHAVIOR ON DEVICE,LOCATION-BASED SERVICES,OPERATIONS,"AMAZON,APPLE,FACEBOOK,GOOGLE",32,19
BEHAVIOR ON DEVICE,BEHAVIOR ON DEVICE,OTHER,ADVERTISING,"AMAZON,APPLE,FACEBOOK,GOOGLE",32,12
BEHAVIOR ON DEVICE,BEHAVIOR ON DEVICE,PERSONALIZE CONTENT,ANALYTICS,"AMAZON,APPLE,FACEBOOK,GOOGLE",32,16
BEHAVIOR ON DEVICE,BEHAVIOR ON DEVICE,PERSONALIZE PRODUCT,ANALYTICS,"AMAZON,APPLE,FACEBOOK,GOOGLE",32,17
BEHAVIOR ON DEVICE,BEHAVIOR ON DEVICE,PRODUCT SAFETY,SAFETY AND SECURITY,"AMAZON,APPLE,FACEBOOK,GOOGLE",32,26
BEHAVIOR ON DEVICE,BEHAVIOR ON DEVICE,PROTECT COMPANY,SAFETY AND SECURITY,"AMAZON,APPLE,FACEBOOK,GOOGLE",32,27
BEHAVIOR ON DEVICE,BEHAVIOR ON DEVICE,PROVIDE SERVICES,OPERATIONS,"AMAZON,APPLE,FACEBOOK,GOOGLE",32,21
BEHAVIOR ON DEVICE,BEHAVIOR ON DEVICE,RECOGNIZE FACES,OPERATIONS,"AMAZON,APPLE,FACEBOOK,GOOGLE",32,22
BEHAVIOR ON DEVICE,BEHAVIOR ON DEVICE,RESEARCH AND DEVELOPMENT,RESEARCH AND DEVELOPMENT,"AMAZON,APPLE,FACEBOOK,GOOGLE",32,24
BEHAVIOR ON DEVICE,BEHAVIOR ON DEVICE,SERVICES FOR EXTERNAL BUSINESSES,THIRD PARTY,"AMAZON,APPLE,FACEBOOK,GOOGLE",32,23
BEHAVIOR ON DEVICE,BEHAVIOR ON DEVICE,THIRD PARTY,THIRD PARTY,"AMAZON,APPLE,FACEBOOK,GOOGLE",32,29
CAMERA INFO,DEVICE INFO,ACCOUNT SECURITY,SAFETY AND SECURITY,"AMAZON,APPLE,FACEBOOK,GOOGLE",34,25
CAMERA INFO,DEVICE INFO,ADVERTISING,ADVERTISING,"AMAZON,APPLE,FACEBOOK,GOOGLE",34,11
CAMERA INFO,DEVICE INFO,ANALYTICS,ANALYTICS,"AMAZON,APPLE,FACEBOOK,GOOGLE",34,13
CAMERA INFO,DEVICE INFO,ANY PURPOSE,ANY PURPOSE,"AMAZON,APPLE,FACEBOOK,GOOGLE",34,18
CAMERA INFO,DEVICE INFO,ANYONE,THIRD PARTY,APPLE,34,28
CAMERA INFO,DEVICE INFO,COMPANY OPERATIONS,OPERATIONS,"AMAZON,APPLE,FACEBOOK,GOOGLE",34,20
CAMERA INFO,DEVICE INFO,IMPROVE PRODUCT,ANALYTICS,"AMAZON,APPLE,FACEBOOK,GOOGLE",34,14
CAMERA INFO,DEVICE INFO,LEARN USERS' BEHAVIOR,ANALYTICS,"AMAZON,APPLE,FACEBOOK,GOOGLE",34,15
CAMERA INFO,DEVICE INFO,LOCATION-BASED SERVICES,OPERATIONS,"AMAZON,APPLE,FACEBOOK,GOOGLE",34,19
CAMERA INFO,DEVICE INFO,OTHER,ADVERTISING,"AMAZON,APPLE,FACEBOOK,GOOGLE",34,12
CAMERA INFO,DEVICE INFO,PERSONALIZE CONTENT,ANALYTICS,"AMAZON,APPLE,FACEBOOK,GOOGLE",34,16
CAMERA INFO,DEVICE INFO,PERSONALIZE PRODUCT,ANALYTICS,"AMAZON,APPLE,FACEBOOK,GOOGLE",34,17
CAMERA INFO,DEVICE INFO,PRODUCT SAFETY,SAFETY AND SECURITY,"AMAZON,APPLE,FACEBOOK,GOOGLE",34,26
CAMERA INFO,DEVICE INFO,PROTECT COMPANY,SAFETY AND SECURITY,"AMAZON,APPLE,FACEBOOK,GOOGLE",34,27
CAMERA INFO,DEVICE INFO,PROVIDE SERVICES,OPERATIONS,"AMAZON,APPLE,FACEBOOK,GOOGLE",34,21
CAMERA INFO,DEVICE INFO,RECOGNIZE FACES,OPERATIONS,"AMAZON,APPLE,FACEBOOK,GOOGLE",34,22
CAMERA INFO,DEVICE INFO,RESEARCH AND DEVELOPMENT,RESEARCH AND DEVELOPMENT,"AMAZON,APPLE,FACEBOOK,GOOGLE",34,24
CAMERA INFO,DEVICE INFO,SERVICES FOR EXTERNAL BUSINESSES,THIRD PARTY,"AMAZON,APPLE,FACEBOOK,GOOGLE",34,23
CAMERA INFO,DEVICE INFO,THIRD PARTY,THIRD PARTY,"AMAZON,APPLE,FACEBOOK,GOOGLE",34,29
CONTACTS' INFORMATION,PERSONAL DATA,ACCOUNT SECURITY,SAFETY AND SECURITY,"AMAZON,APPLE,FACEBOOK,GOOGLE",52,25
CONTACTS' INFORMATION,PERSONAL DATA,COMPANY OPERATIONS,OPERATIONS,"AMAZON,APPLE,FACEBOOK,GOOGLE",52,20
CONTACTS' INFORMATION,PERSONAL DATA,IMPROVE PRODUCT,ANALYTICS,"AMAZON,APPLE",52,14
CONTACTS' INFORMATION,PERSONAL DATA,LEARN USERS' BEHAVIOR,ANALYTICS,AMAZON,52,15
CONTACTS' INFORMATION,PERSONAL DATA,LOCATION-BASED SERVICES,OPERATIONS,AMAZON,52,19
CONTACTS' INFORMATION,PERSONAL DATA,PERSONALIZE CONTENT,ANALYTICS,AMAZON,52,16
CONTACTS' INFORMATION,PERSONAL DATA,PERSONALIZE PRODUCT,ANALYTICS,AMAZON,52,17
CONTACTS' INFORMATION,PERSONAL DATA,PRODUCT SAFETY,SAFETY AND SECURITY,AMAZON,52,26
CONTACTS' INFORMATION,PERSONAL DATA,PROVIDE SERVICES,OPERATIONS,"AMAZON,APPLE,FACEBOOK,GOOGLE",52,21
CONTACTS' INFORMATION,PERSONAL DATA,RECOGNIZE FACES,OPERATIONS,APPLE,52,22
CONTACTS' INFORMATION,PERSONAL DATA,THIRD PARTY,THIRD PARTY,FACEBOOK,52,29
CREDIT HISTORY,PERSONAL DATA,ACCOUNT SECURITY,SAFETY AND SECURITY,FACEBOOK,53,25
CREDIT HISTORY,PERSONAL DATA,ADVERTISING,ADVERTISING,AMAZON,53,11
CREDIT HISTORY,PERSONAL DATA,IMPROVE PRODUCT,ANALYTICS,"AMAZON,APPLE",53,14
CREDIT HISTORY,PERSONAL DATA,PROTECT COMPANY,SAFETY AND SECURITY,AMAZON,53,27
CREDIT HISTORY,PERSONAL DATA,SERVICES FOR EXTERNAL BUSINESSES,THIRD PARTY,AMAZON,53,23
CURRENT LOCATION,LOCATION FROM DEVICE,ACCOUNT SECURITY,SAFETY AND SECURITY,"AMAZON,APPLE,FACEBOOK,GOOGLE",43,25
CURRENT LOCATION,LOCATION FROM DEVICE,ADVERTISING,ADVERTISING,"AMAZON,APPLE,FACEBOOK,GOOGLE",43,11
CURRENT LOCATION,LOCATION FROM DEVICE,ANALYTICS,ANALYTICS,"AMAZON,APPLE,FACEBOOK,GOOGLE",43,13
CURRENT LOCATION,LOCATION FROM DEVICE,ANY PURPOSE,ANY PURPOSE,"AMAZON,APPLE,FACEBOOK,GOOGLE",43,18
CURRENT LOCATION,LOCATION FROM DEVICE,ANYONE,THIRD PARTY,APPLE,43,28
CURRENT LOCATION,LOCATION FROM DEVICE,COMPANY OPERATIONS,OPERATIONS,"AMAZON,APPLE,FACEBOOK,GOOGLE",43,20
CURRENT LOCATION,LOCATION FROM DEVICE,IMPROVE PRODUCT,ANALYTICS,"AMAZON,APPLE,FACEBOOK,GOOGLE",43,14
CURRENT LOCATION,LOCATION FROM DEVICE,LEARN USERS' BEHAVIOR,ANALYTICS,"AMAZON,APPLE,FACEBOOK,GOOGLE",43,15
CURRENT LOCATION,LOCATION FROM DEVICE,LOCATION-BASED SERVICES,OPERATIONS,"AMAZON,APPLE,FACEBOOK,GOOGLE",43,19
CURRENT LOCATION,LOCATION FROM DEVICE,OTHER,ADVERTISING,"AMAZON,APPLE,FACEBOOK,GOOGLE",43,12
CURRENT LOCATION,LOCATION FROM DEVICE,PERSONALIZE CONTENT,ANALYTICS,"AMAZON,APPLE,FACEBOOK,GOOGLE",43,16
CURRENT LOCATION,LOCATION FROM DEVICE,PERSONALIZE PRODUCT,ANALYTICS,"AMAZON,APPLE,FACEBOOK,GOOGLE",43,17
CURRENT LOCATION,LOCATION FROM DEVICE,PRODUCT SAFETY,SAFETY AND SECURITY,"AMAZON,APPLE,FACEBOOK,GOOGLE",43,26
CURRENT LOCATION,LOCATION FROM DEVICE,PROTECT COMPANY,SAFETY AND SECURITY,"AMAZON,APPLE,FACEBOOK,GOOGLE",43,27
CURRENT LOCATION,LOCATION FROM DEVICE,PROVIDE SERVICES,OPERATIONS,"AMAZON,APPLE,FACEBOOK,GOOGLE",43,21
CURRENT LOCATION,LOCATION FROM DEVICE,RECOGNIZE FACES,OPERATIONS,"AMAZON,APPLE,FACEBOOK,GOOGLE",43,22
CURRENT LOCATION,LOCATION FROM DEVICE,SERVICES FOR EXTERNAL BUSINESSES,THIRD PARTY,"AMAZON,APPLE,FACEBOOK,GOOGLE",43,23
CURRENT LOCATION,LOCATION FROM DEVICE,THIRD PARTY,THIRD PARTY,"AMAZON,APPLE,FACEBOOK,GOOGLE",43,29
DATE OF BIRTH,PERSONAL DATA,ACCOUNT SECURITY,SAFETY AND SECURITY,"AMAZON,APPLE,FACEBOOK,GOOGLE",54,25
DATE OF BIRTH,PERSONAL DATA,ADVERTISING,ADVERTISING,"AMAZON,APPLE,FACEBOOK,GOOGLE",54,11
DATE OF BIRTH,PERSONAL DATA,ANALYTICS,ANALYTICS,"AMAZON,APPLE,FACEBOOK,GOOGLE",54,13
DATE OF BIRTH,PERSONAL DATA,ANY PURPOSE,ANY PURPOSE,"AMAZON,APPLE,FACEBOOK,GOOGLE",54,18
DATE OF BIRTH,PERSONAL DATA,ANYONE,THIRD PARTY,"APPLE,FACEBOOK,GOOGLE",54,28
DATE OF BIRTH,PERSONAL DATA,COMPANY OPERATIONS,OPERATIONS,"AMAZON,APPLE,FACEBOOK,GOOGLE",54,20
DATE OF BIRTH,PERSONAL DATA,IMPROVE PRODUCT,ANALYTICS,"AMAZON,APPLE,FACEBOOK,GOOGLE",54,14
DATE OF BIRTH,PERSONAL DATA,LEARN USERS' BEHAVIOR,ANALYTICS,"AMAZON,APPLE,FACEBOOK,GOOGLE",54,15
DATE OF BIRTH,PERSONAL DATA,LOCATION-BASED SERVICES,OPERATIONS,"AMAZON,APPLE,FACEBOOK,GOOGLE",54,19
DATE OF BIRTH,PERSONAL DATA,OTHER,ADVERTISING,"AMAZON,APPLE,FACEBOOK,GOOGLE",54,12
DATE OF BIRTH,PERSONAL DATA,PERSONALIZE CONTENT,ANALYTICS,"AMAZON,APPLE,FACEBOOK,GOOGLE",54,16
DATE OF BIRTH,PERSONAL DATA,PERSONALIZE PRODUCT,ANALYTICS,"AMAZON,APPLE,FACEBOOK,GOOGLE",54,17
DATE OF BIRTH,PERSONAL DATA,PRODUCT SAFETY,SAFETY AND SECURITY,"AMAZON,APPLE,FACEBOOK,GOOGLE",54,26
DATE OF BIRTH,PERSONAL DATA,PROTECT COMPANY,SAFETY AND SECURITY,"AMAZON,APPLE,FACEBOOK,GOOGLE",54,27
DATE OF BIRTH,PERSONAL DATA,PROVIDE SERVICES,OPERATIONS,"AMAZON,APPLE,FACEBOOK,GOOGLE",54,21
DATE OF BIRTH,PERSONAL DATA,RECOGNIZE FACES,OPERATIONS,"AMAZON,APPLE,FACEBOOK,GOOGLE",54,22
DATE OF BIRTH,PERSONAL DATA,SERVICES FOR EXTERNAL BUSINESSES,THIRD PARTY,"AMAZON,APPLE,FACEBOOK,GOOGLE",54,23
DATE OF BIRTH,PERSONAL DATA,THIRD PARTY,THIRD PARTY,"AMAZON,APPLE,FACEBOOK,GOOGLE",54,29
DEMOGRAPHICS,NON-PERSONAL DATA,ACCOUNT SECURITY,SAFETY AND SECURITY,"AMAZON,APPLE,FACEBOOK,GOOGLE",46,25
DEMOGRAPHICS,NON-PERSONAL DATA,ANYONE,THIRD PARTY,APPLE,46,28
DEMOGRAPHICS,NON-PERSONAL DATA,COMPANY OPERATIONS,OPERATIONS,"AMAZON,APPLE,FACEBOOK,GOOGLE",46,20
DEMOGRAPHICS,NON-PERSONAL DATA,PROVIDE SERVICES,OPERATIONS,"AMAZON,APPLE,FACEBOOK,GOOGLE",46,21
DEMOGRAPHICS,NON-PERSONAL DATA,THIRD PARTY,THIRD PARTY,FACEBOOK,46,29
DEVICE IDENTIFIERS,DEVICE INFO,ACCOUNT SECURITY,SAFETY AND SECURITY,"AMAZON,APPLE,FACEBOOK,GOOGLE",35,25
DEVICE IDENTIFIERS,DEVICE INFO,ADVERTISING,ADVERTISING,"AMAZON,APPLE",35,11
DEVICE IDENTIFIERS,DEVICE INFO,ANALYTICS,ANALYTICS,"AMAZON,APPLE",35,13
DEVICE IDENTIFIERS,DEVICE INFO,ANY PURPOSE,ANY PURPOSE,"AMAZON,FACEBOOK,GOOGLE",35,18
DEVICE IDENTIFIERS,DEVICE INFO,ANYONE,THIRD PARTY,"AMAZON,APPLE",35,28
DEVICE IDENTIFIERS,DEVICE INFO,COMPANY OPERATIONS,OPERATIONS,"AMAZON,APPLE,FACEBOOK,GOOGLE",35,20
DEVICE IDENTIFIERS,DEVICE INFO,IMPROVE PRODUCT,ANALYTICS,"AMAZON,APPLE",35,14
DEVICE IDENTIFIERS,DEVICE INFO,LEARN USERS' BEHAVIOR,ANALYTICS,"AMAZON,APPLE",35,15
DEVICE IDENTIFIERS,DEVICE INFO,LOCATION-BASED SERVICES,OPERATIONS,"AMAZON,APPLE",35,19
DEVICE IDENTIFIERS,DEVICE INFO,OTHER,ADVERTISING,"AMAZON,APPLE,GOOGLE",35,12
DEVICE IDENTIFIERS,DEVICE INFO,PERSONALIZE CONTENT,ANALYTICS,"AMAZON,APPLE",35,16
DEVICE IDENTIFIERS,DEVICE INFO,PERSONALIZE PRODUCT,ANALYTICS,"AMAZON,APPLE",35,17
DEVICE IDENTIFIERS,DEVICE INFO,PRODUCT SAFETY,SAFETY AND SECURITY,"AMAZON,APPLE",35,26
DEVICE IDENTIFIERS,DEVICE INFO,PROTECT COMPANY,SAFETY AND SECURITY,AMAZON,35,27
DEVICE IDENTIFIERS,DEVICE INFO,PROVIDE SERVICES,OPERATIONS,"AMAZON,APPLE,FACEBOOK,GOOGLE",35,21
DEVICE IDENTIFIERS,DEVICE INFO,RECOGNIZE FACES,OPERATIONS,"AMAZON,APPLE",35,22
DEVICE IDENTIFIERS,DEVICE INFO,RESEARCH AND DEVELOPMENT,RESEARCH AND DEVELOPMENT,AMAZON,35,24
DEVICE IDENTIFIERS,DEVICE INFO,SERVICES FOR EXTERNAL BUSINESSES,THIRD PARTY,AMAZON,35,23
DEVICE IDENTIFIERS,DEVICE INFO,THIRD PARTY,THIRD PARTY,"AMAZON,APPLE,FACEBOOK",35,29
DEVICE INFO,DEVICE INFO,ACCOUNT SECURITY,SAFETY AND SECURITY,"AMAZON,APPLE,FACEBOOK,GOOGLE",36,25
DEVICE INFO,DEVICE INFO,ADVERTISING,ADVERTISING,"AMAZON,APPLE,FACEBOOK,GOOGLE",36,11
DEVICE INFO,DEVICE INFO,ANALYTICS,ANALYTICS,"AMAZON,APPLE,FACEBOOK,GOOGLE",36,13
DEVICE INFO,DEVICE INFO,ANY PURPOSE,ANY PURPOSE,"AMAZON,APPLE,FACEBOOK,GOOGLE",36,18
DEVICE INFO,DEVICE INFO,ANYONE,THIRD PARTY,"AMAZON,APPLE,FACEBOOK,GOOGLE",36,28
DEVICE INFO,DEVICE INFO,COMPANY OPERATIONS,OPERATIONS,"AMAZON,APPLE,FACEBOOK,GOOGLE",36,20
DEVICE INFO,DEVICE INFO,IMPROVE PRODUCT,ANALYTICS,"AMAZON,APPLE,FACEBOOK,GOOGLE",36,14
DEVICE INFO,DEVICE INFO,LEARN USERS' BEHAVIOR,ANALYTICS,"AMAZON,APPLE,FACEBOOK,GOOGLE",36,15
DEVICE INFO,DEVICE INFO,LOCATION-BASED SERVICES,OPERATIONS,"AMAZON,APPLE,FACEBOOK,GOOGLE",36,19
DEVICE INFO,DEVICE INFO,OTHER,ADVERTISING,"AMAZON,APPLE,FACEBOOK,GOOGLE",36,12
DEVICE INFO,DEVICE INFO,PERSONALIZE CONTENT,ANALYTICS,"AMAZON,APPLE,FACEBOOK,GOOGLE",36,16
DEVICE INFO,DEVICE INFO,PERSONALIZE PRODUCT,ANALYTICS,"AMAZON,APPLE,FACEBOOK,GOOGLE",36,17
DEVICE INFO,DEVICE INFO,PRODUCT SAFETY,SAFETY AND SECURITY,"AMAZON,APPLE,FACEBOOK,GOOGLE",36,26
DEVICE INFO,DEVICE INFO,PROTECT COMPANY,SAFETY AND SECURITY,"AMAZON,APPLE,FACEBOOK,GOOGLE",36,27
DEVICE INFO,DEVICE INFO,PROVIDE SERVICES,OPERATIONS,"AMAZON,APPLE,FACEBOOK,GOOGLE",36,21
DEVICE INFO,DEVICE INFO,RECOGNIZE FACES,OPERATIONS,"AMAZON,APPLE,FACEBOOK,GOOGLE",36,22
DEVICE INFO,DEVICE INFO,RESEARCH AND DEVELOPMENT,RESEARCH AND DEVELOPMENT,"AMAZON,APPLE,FACEBOOK,GOOGLE",36,24
DEVICE INFO,DEVICE INFO,SERVICES FOR EXTERNAL BUSINESSES,THIRD PARTY,"AMAZON,APPLE,FACEBOOK,GOOGLE",36,23
DEVICE INFO,DEVICE INFO,THIRD PARTY,THIRD PARTY,"AMAZON,APPLE,FACEBOOK,GOOGLE",36,29
DEVICE SETTINGS,DEVICE INFO,ACCOUNT SECURITY,SAFETY AND SECURITY,"AMAZON,APPLE,FACEBOOK,GOOGLE",37,25
DEVICE SETTINGS,DEVICE INFO,ADVERTISING,ADVERTISING,"AMAZON,APPLE,FACEBOOK,GOOGLE",37,11
DEVICE SETTINGS,DEVICE INFO,ANALYTICS,ANALYTICS,"AMAZON,APPLE,FACEBOOK,GOOGLE",37,13
DEVICE SETTINGS,DEVICE INFO,ANY PURPOSE,ANY PURPOSE,"AMAZON,APPLE,FACEBOOK,GOOGLE",37,18
DEVICE SETTINGS,DEVICE INFO,ANYONE,THIRD PARTY,"AMAZON,APPLE,FACEBOOK,GOOGLE",37,28
DEVICE SETTINGS,DEVICE INFO,COMPANY OPERATIONS,OPERATIONS,"AMAZON,APPLE,FACEBOOK,GOOGLE",37,20
DEVICE SETTINGS,DEVICE INFO,IMPROVE PRODUCT,ANALYTICS,"AMAZON,APPLE,FACEBOOK,GOOGLE",37,14
DEVICE SETTINGS,DEVICE INFO,LEARN USERS' BEHAVIOR,ANALYTICS,"AMAZON,APPLE,FACEBOOK,GOOGLE",37,15
DEVICE SETTINGS,DEVICE INFO,LOCATION-BASED SERVICES,OPERATIONS,"AMAZON,APPLE,FACEBOOK,GOOGLE",37,19
DEVICE SETTINGS,DEVICE INFO,OTHER,ADVERTISING,"AMAZON,APPLE,FACEBOOK,GOOGLE",37,12
DEVICE SETTINGS,DEVICE INFO,PERSONALIZE CONTENT,ANALYTICS,"AMAZON,APPLE,FACEBOOK,GOOGLE",37,16
DEVICE SETTINGS,DEVICE INFO,PERSONALIZE PRODUCT,ANALYTICS,"AMAZON,APPLE,FACEBOOK,GOOGLE",37,17
DEVICE SETTINGS,DEVICE INFO,PRODUCT SAFETY,SAFETY AND SECURITY,"AMAZON,APPLE,FACEBOOK,GOOGLE",37,26
DEVICE SETTINGS,DEVICE INFO,PROTECT COMPANY,SAFETY AND SECURITY,"AMAZON,APPLE,FACEBOOK,GOOGLE",37,27
DEVICE SETTINGS,DEVICE INFO,PROVIDE SERVICES,OPERATIONS,"AMAZON,APPLE,FACEBOOK,GOOGLE",37,21
DEVICE SETTINGS,DEVICE INFO,RECOGNIZE FACES,OPERATIONS,"AMAZON,APPLE,FACEBOOK,GOOGLE",37,22
DEVICE SETTINGS,DEVICE INFO,RESEARCH AND DEVELOPMENT,RESEARCH AND DEVELOPMENT,"AMAZON,APPLE,FACEBOOK,GOOGLE",37,24
DEVICE SETTINGS,DEVICE INFO,SERVICES FOR EXTERNAL BUSINESSES,THIRD PARTY,"AMAZON,APPLE,FACEBOOK,GOOGLE",37,23
DEVICE SETTINGS,DEVICE INFO,THIRD PARTY,THIRD PARTY,"AMAZON,APPLE,FACEBOOK,GOOGLE",37,29
DEVICE SIGNALS,DEVICE SIGNALS,ACCOUNT SECURITY,SAFETY AND SECURITY,"AMAZON,APPLE,FACEBOOK,GOOGLE",41,25
DEVICE SIGNALS,DEVICE SIGNALS,ADVERTISING,ADVERTISING,"AMAZON,APPLE,FACEBOOK,GOOGLE",41,11
DEVICE SIGNALS,DEVICE SIGNALS,ANALYTICS,ANALYTICS,"AMAZON,APPLE,FACEBOOK,GOOGLE",41,13
DEVICE SIGNALS,DEVICE SIGNALS,ANY PURPOSE,ANY PURPOSE,"AMAZON,APPLE,FACEBOOK,GOOGLE",41,18
DEVICE SIGNALS,DEVICE SIGNALS,ANYONE,THIRD PARTY,"AMAZON,APPLE,FACEBOOK,GOOGLE",41,28
DEVICE SIGNALS,DEVICE SIGNALS,COMPANY OPERATIONS,OPERATIONS,"AMAZON,APPLE,FACEBOOK,GOOGLE",41,20
DEVICE SIGNALS,DEVICE SIGNALS,IMPROVE PRODUCT,ANALYTICS,"AMAZON,APPLE,FACEBOOK,GOOGLE",41,14
DEVICE SIGNALS,DEVICE SIGNALS,LEARN USERS' BEHAVIOR,ANALYTICS,"AMAZON,APPLE,FACEBOOK,GOOGLE",41,15
DEVICE SIGNALS,DEVICE SIGNALS,LOCATION-BASED SERVICES,OPERATIONS,"AMAZON,APPLE,FACEBOOK,GOOGLE",41,19
DEVICE SIGNALS,DEVICE SIGNALS,OTHER,ADVERTISING,"AMAZON,APPLE,FACEBOOK,GOOGLE",41,12
DEVICE SIGNALS,DEVICE SIGNALS,PERSONALIZE CONTENT,ANALYTICS,"AMAZON,APPLE,FACEBOOK,GOOGLE",41,16
DEVICE SIGNALS,DEVICE SIGNALS,PERSONALIZE PRODUCT,ANALYTICS,"AMAZON,APPLE,FACEBOOK,GOOGLE",41,17
DEVICE SIGNALS,DEVICE SIGNALS,PRODUCT SAFETY,SAFETY AND SECURITY,"AMAZON,APPLE,FACEBOOK,GOOGLE",41,26
DEVICE SIGNALS,DEVICE SIGNALS,PROTECT COMPANY,SAFETY AND SECURITY,"AMAZON,APPLE,FACEBOOK,GOOGLE",41,27
DEVICE SIGNALS,DEVICE SIGNALS,PROVIDE SERVICES,OPERATIONS,"AMAZON,APPLE,FACEBOOK,GOOGLE",41,21
DEVICE SIGNALS,DEVICE SIGNALS,RECOGNIZE FACES,OPERATIONS,"AMAZON,APPLE,FACEBOOK,GOOGLE",41,22
DEVICE SIGNALS,DEVICE SIGNALS,RESEARCH AND DEVELOPMENT,RESEARCH AND DEVELOPMENT,"AMAZON,APPLE,FACEBOOK,GOOGLE",41,24
DEVICE SIGNALS,DEVICE SIGNALS,SERVICES FOR EXTERNAL BUSINESSES,THIRD PARTY,"AMAZON,APPLE,FACEBOOK,GOOGLE",41,23
DEVICE SIGNALS,DEVICE SIGNALS,THIRD PARTY,THIRD PARTY,"AMAZON,APPLE,FACEBOOK,GOOGLE",41,29
DRIVER'S LICENSE NUMBER,PERSONAL DATA,ACCOUNT SECURITY,SAFETY AND SECURITY,AMAZON,55,25
DRIVER'S LICENSE NUMBER,PERSONAL DATA,ADVERTISING,ADVERTISING,AMAZON,55,11
DRIVER'S LICENSE NUMBER,PERSONAL DATA,COMPANY OPERATIONS,OPERATIONS,AMAZON,55,20
DRIVER'S LICENSE NUMBER,PERSONAL DATA,IMPROVE PRODUCT,ANALYTICS,AMAZON,55,14
DRIVER'S LICENSE NUMBER,PERSONAL DATA,LEARN USERS' BEHAVIOR,ANALYTICS,AMAZON,55,15
DRIVER'S LICENSE NUMBER,PERSONAL DATA,OTHER,ADVERTISING,AMAZON,55,12
DRIVER'S LICENSE NUMBER,PERSONAL DATA,PERSONALIZE CONTENT,ANALYTICS,AMAZON,55,16
DRIVER'S LICENSE NUMBER,PERSONAL DATA,PRODUCT SAFETY,SAFETY AND SECURITY,AMAZON,55,26
DRIVER'S LICENSE NUMBER,PERSONAL DATA,PROTECT COMPANY,SAFETY AND SECURITY,AMAZON,55,27
DRIVER'S LICENSE NUMBER,PERSONAL DATA,PROVIDE SERVICES,OPERATIONS,AMAZON,55,21
DRIVER'S LICENSE NUMBER,PERSONAL DATA,RECOGNIZE FACES,OPERATIONS,AMAZON,55,22
DRIVER'S LICENSE NUMBER,PERSONAL DATA,SERVICES FOR EXTERNAL BUSINESSES,THIRD PARTY,AMAZON,55,23
FAMILY MEMBERS INFORMATION,PERSONAL DATA,ACCOUNT SECURITY,SAFETY AND SECURITY,FACEBOOK,56,25
FILE INFO,DEVICE INFO,ACCOUNT SECURITY,SAFETY AND SECURITY,FACEBOOK,38,25
FILE INFO,DEVICE INFO,ANY PURPOSE,ANY PURPOSE,"FACEBOOK,GOOGLE",38,18
FILE INFO,DEVICE INFO,COMPANY OPERATIONS,OPERATIONS,APPLE,38,20
IP ADDRESS,DEVICE INFO,ACCOUNT SECURITY,SAFETY AND SECURITY,"AMAZON,APPLE,FACEBOOK,GOOGLE",39,25
IP ADDRESS,DEVICE INFO,ADVERTISING,ADVERTISING,"AMAZON,APPLE,FACEBOOK,GOOGLE",39,11
IP ADDRESS,DEVICE INFO,ANALYTICS,ANALYTICS,"AMAZON,APPLE,FACEBOOK,GOOGLE",39,13
IP ADDRESS,DEVICE INFO,ANYONE,THIRD PARTY,"AMAZON,APPLE,FACEBOOK,GOOGLE",39,28
IP ADDRESS,DEVICE INFO,COMPANY OPERATIONS,OPERATIONS,"AMAZON,APPLE,FACEBOOK,GOOGLE",39,20
IP ADDRESS,DEVICE INFO,IMPROVE PRODUCT,ANALYTICS,"AMAZON,APPLE,FACEBOOK,GOOGLE",39,14
IP ADDRESS,DEVICE INFO,LEARN USERS' BEHAVIOR,ANALYTICS,"AMAZON,APPLE,FACEBOOK,GOOGLE",39,15
IP ADDRESS,DEVICE INFO,LOCATION-BASED SERVICES,OPERATIONS,"AMAZON,APPLE,FACEBOOK,GOOGLE",39,19
IP ADDRESS,DEVICE INFO,OTHER,ADVERTISING,"AMAZON,APPLE,FACEBOOK,GOOGLE",39,12
IP ADDRESS,DEVICE INFO,PERSONALIZE CONTENT,ANALYTICS,"AMAZON,APPLE,FACEBOOK,GOOGLE",39,16
IP ADDRESS,DEVICE INFO,PERSONALIZE PRODUCT,ANALYTICS,"AMAZON,APPLE,FACEBOOK,GOOGLE",39,17
IP ADDRESS,DEVICE INFO,PRODUCT SAFETY,SAFETY AND SECURITY,"AMAZON,APPLE,FACEBOOK,GOOGLE",39,26
IP ADDRESS,DEVICE INFO,PROVIDE SERVICES,OPERATIONS,"AMAZON,APPLE,FACEBOOK,GOOGLE",39,21
IP ADDRESS,DEVICE INFO,RECOGNIZE FACES,OPERATIONS,"AMAZON,APPLE,FACEBOOK,GOOGLE",39,22
IP ADDRESS,DEVICE INFO,SERVICES FOR EXTERNAL BUSINESSES,THIRD PARTY,"AMAZON,APPLE,FACEBOOK,GOOGLE",39,23
IP ADDRESS,DEVICE INFO,THIRD PARTY,THIRD PARTY,"AMAZON,APPLE,FACEBOOK,GOOGLE",39,29
LOCATION HISTORY,LOCATION FROM DEVICE,ACCOUNT SECURITY,SAFETY AND SECURITY,"AMAZON,APPLE,FACEBOOK,GOOGLE",44,25
LOCATION HISTORY,LOCATION FROM DEVICE,ADVERTISING,ADVERTISING,"AMAZON,APPLE,FACEBOOK,GOOGLE",44,11
LOCATION HISTORY,LOCATION FROM DEVICE,ANALYTICS,ANALYTICS,"AMAZON,APPLE,FACEBOOK,GOOGLE",44,13
LOCATION HISTORY,LOCATION FROM DEVICE,ANY PURPOSE,ANY PURPOSE,"AMAZON,APPLE,FACEBOOK,GOOGLE",44,18
LOCATION HISTORY,LOCATION FROM DEVICE,ANYONE,THIRD PARTY,APPLE,44,28
LOCATION HISTORY,LOCATION FROM DEVICE,COMPANY OPERATIONS,OPERATIONS,"AMAZON,APPLE,FACEBOOK,GOOGLE",44,20
LOCATION HISTORY,LOCATION FROM DEVICE,IMPROVE PRODUCT,ANALYTICS,"AMAZON,APPLE,FACEBOOK,GOOGLE",44,14
LOCATION HISTORY,LOCATION FROM DEVICE,LEARN USERS' BEHAVIOR,ANALYTICS,"AMAZON,APPLE,FACEBOOK,GOOGLE",44,15
LOCATION HISTORY,LOCATION FROM DEVICE,LOCATION-BASED SERVICES,OPERATIONS,"AMAZON,APPLE,FACEBOOK,GOOGLE",44,19
LOCATION HISTORY,LOCATION FROM DEVICE,OTHER,ADVERTISING,"AMAZON,APPLE,FACEBOOK,GOOGLE",44,12
LOCATION HISTORY,LOCATION FROM DEVICE,PERSONALIZE CONTENT,ANALYTICS,"AMAZON,APPLE,FACEBOOK,GOOGLE",44,16
LOCATION HISTORY,LOCATION FROM DEVICE,PERSONALIZE PRODUCT,ANALYTICS,"AMAZON,APPLE,FACEBOOK,GOOGLE",44,17
LOCATION HISTORY,LOCATION FROM DEVICE,PRODUCT SAFETY,SAFETY AND SECURITY,"AMAZON,APPLE,FACEBOOK,GOOGLE",44,26
LOCATION HISTORY,LOCATION FROM DEVICE,PROTECT COMPANY,SAFETY AND SECURITY,"AMAZON,APPLE,FACEBOOK,GOOGLE",44,27
LOCATION HISTORY,LOCATION FROM DEVICE,PROVIDE SERVICES,OPERATIONS,"AMAZON,APPLE,FACEBOOK,GOOGLE",44,21
LOCATION HISTORY,LOCATION FROM DEVICE,RECOGNIZE FACES,OPERATIONS,"AMAZON,APPLE,FACEBOOK,GOOGLE",44,22
LOCATION HISTORY,LOCATION FROM DEVICE,SERVICES FOR EXTERNAL BUSINESSES,THIRD PARTY,"AMAZON,APPLE,FACEBOOK,GOOGLE",44,23
LOCATION HISTORY,LOCATION FROM DEVICE,THIRD PARTY,THIRD PARTY,"AMAZON,APPLE,FACEBOOK,GOOGLE",44,29
LOGIN INFORMATION,PERSONAL DATA,ACCOUNT SECURITY,SAFETY AND SECURITY,"AMAZON,APPLE,FACEBOOK,GOOGLE",57,25
LOGIN INFORMATION,PERSONAL DATA,ADVERTISING,ADVERTISING,"AMAZON,APPLE,FACEBOOK,GOOGLE",57,11
LOGIN INFORMATION,PERSONAL DATA,ANALYTICS,ANALYTICS,"AMAZON,APPLE,FACEBOOK,GOOGLE",57,13
LOGIN INFORMATION,PERSONAL DATA,ANY PURPOSE,ANY PURPOSE,"AMAZON,APPLE,FACEBOOK,GOOGLE",57,18
LOGIN INFORMATION,PERSONAL DATA,COMPANY OPERATIONS,OPERATIONS,"APPLE,FACEBOOK,GOOGLE",57,20
LOGIN INFORMATION,PERSONAL DATA,IMPROVE PRODUCT,ANALYTICS,"AMAZON,APPLE,FACEBOOK,GOOGLE",57,14
LOGIN INFORMATION,PERSONAL DATA,LEARN USERS' BEHAVIOR,ANALYTICS,"AMAZON,APPLE,FACEBOOK,GOOGLE",57,15
LOGIN INFORMATION,PERSONAL DATA,LOCATION-BASED SERVICES,OPERATIONS,"AMAZON,APPLE,FACEBOOK,GOOGLE",57,19
LOGIN INFORMATION,PERSONAL DATA,OTHER,ADVERTISING,"AMAZON,APPLE,FACEBOOK,GOOGLE",57,12
LOGIN INFORMATION,PERSONAL DATA,PERSONALIZE CONTENT,ANALYTICS,"AMAZON,APPLE,FACEBOOK,GOOGLE",57,16
LOGIN INFORMATION,PERSONAL DATA,PERSONALIZE PRODUCT,ANALYTICS,"AMAZON,APPLE,FACEBOOK,GOOGLE",57,17
LOGIN INFORMATION,PERSONAL DATA,PRODUCT SAFETY,SAFETY AND SECURITY,"AMAZON,APPLE,FACEBOOK,GOOGLE",57,26
LOGIN INFORMATION,PERSONAL DATA,PROTECT COMPANY,SAFETY AND SECURITY,"AMAZON,APPLE,FACEBOOK,GOOGLE",57,27
LOGIN INFORMATION,PERSONAL DATA,PROVIDE SERVICES,OPERATIONS,"AMAZON,FACEBOOK,GOOGLE",57,21
LOGIN INFORMATION,PERSONAL DATA,RECOGNIZE FACES,OPERATIONS,"AMAZON,APPLE,FACEBOOK,GOOGLE",57,22
LOGIN INFORMATION,PERSONAL DATA,SERVICES FOR EXTERNAL BUSINESSES,THIRD PARTY,"AMAZON,APPLE,FACEBOOK,GOOGLE",57,23
NAME,PERSONAL DATA,ACCOUNT SECURITY,SAFETY AND SECURITY,"AMAZON,APPLE,FACEBOOK,GOOGLE",,
NAME,PERSONAL DATA,ADVERTISING,ADVERTISING,"AMAZON,APPLE",,
NAME,PERSONAL DATA,ANALYTICS,ANALYTICS,"AMAZON,APPLE,FACEBOOK",,
NAME,PERSONAL DATA,ANY PURPOSE,ANY PURPOSE,"AMAZON,APPLE,FACEBOOK,GOOGLE",,
NAME,PERSONAL DATA,ANYONE,THIRD PARTY,APPLE,58,28
NAME,PERSONAL DATA,COMPANY OPERATIONS,OPERATIONS,"AMAZON,APPLE,FACEBOOK,GOOGLE",,
NAME,PERSONAL DATA,IMPROVE PRODUCT,ANALYTICS,"AMAZON,APPLE,FACEBOOK",,
NAME,PERSONAL DATA,LEARN USERS' BEHAVIOR,ANALYTICS,"AMAZON,APPLE,FACEBOOK",,
NAME,PERSONAL DATA,LOCATION-BASED SERVICES,OPERATIONS,"AMAZON,APPLE,FACEBOOK",,
NAME,PERSONAL DATA,OTHER,ADVERTISING,"AMAZON,APPLE,FACEBOOK,GOOGLE",,
NAME,PERSONAL DATA,PERSONALIZE CONTENT,ANALYTICS,"AMAZON,APPLE",,
NAME,PERSONAL DATA,PERSONALIZE PRODUCT,ANALYTICS,"AMAZON,APPLE,FACEBOOK",,
NAME,PERSONAL DATA,PRODUCT SAFETY,SAFETY AND SECURITY,"AMAZON,APPLE",,
NAME,PERSONAL DATA,PROTECT COMPANY,SAFETY AND SECURITY,"AMAZON,APPLE",,
NAME,PERSONAL DATA,PROVIDE SERVICES,OPERATIONS,"AMAZON,APPLE,FACEBOOK,GOOGLE",,
NAME,PERSONAL DATA,RECOGNIZE FACES,OPERATIONS,"AMAZON,APPLE",,
NAME,PERSONAL DATA,RESEARCH AND DEVELOPMENT,RESEARCH AND DEVELOPMENT,FACEBOOK,58,24
NAME,PERSONAL DATA,SERVICES FOR EXTERNAL BUSINESSES,THIRD PARTY,"AMAZON,APPLE",,
NAME,PERSONAL DATA,THIRD PARTY,THIRD PARTY,"AMAZON,APPLE,FACEBOOK",,
NEARBY LOCATIONS AND PEOPLE,LOCATION FROM DEVICE,ACCOUNT SECURITY,SAFETY AND SECURITY,"AMAZON,FACEBOOK",45,25
NEARBY LOCATIONS AND PEOPLE,LOCATION FROM DEVICE,ADVERTISING,ADVERTISING,APPLE,45,11
NEARBY LOCATIONS AND PEOPLE,LOCATION FROM DEVICE,ANALYTICS,ANALYTICS,"AMAZON,APPLE,FACEBOOK,GOOGLE",45,13
NEARBY LOCATIONS AND PEOPLE,LOCATION FROM DEVICE,ANY PURPOSE,ANY PURPOSE,"FACEBOOK,GOOGLE",45,18
NEARBY LOCATIONS AND PEOPLE,LOCATION FROM DEVICE,ANYONE,THIRD PARTY,APPLE,45,28
NEARBY LOCATIONS AND PEOPLE,LOCATION FROM DEVICE,COMPANY OPERATIONS,OPERATIONS,"AMAZON,FACEBOOK",45,20
NEARBY LOCATIONS AND PEOPLE,LOCATION FROM DEVICE,IMPROVE PRODUCT,ANALYTICS,"AMAZON,APPLE",45,14
NEARBY LOCATIONS AND PEOPLE,LOCATION FROM DEVICE,LEARN USERS' BEHAVIOR,ANALYTICS,"AMAZON,APPLE,FACEBOOK,GOOGLE",45,15
NEARBY LOCATIONS AND PEOPLE,LOCATION FROM DEVICE,LOCATION-BASED SERVICES,OPERATIONS,"AMAZON,APPLE,FACEBOOK,GOOGLE",45,19
NEARBY LOCATIONS AND PEOPLE,LOCATION FROM DEVICE,OTHER,ADVERTISING,"AMAZON,APPLE,FACEBOOK,GOOGLE",45,12
NEARBY LOCATIONS AND PEOPLE,LOCATION FROM DEVICE,PERSONALIZE CONTENT,ANALYTICS,"AMAZON,APPLE,FACEBOOK,GOOGLE",45,16
NEARBY LOCATIONS AND PEOPLE,LOCATION FROM DEVICE,PERSONALIZE PRODUCT,ANALYTICS,"AMAZON,FACEBOOK",45,17
NEARBY LOCATIONS AND PEOPLE,LOCATION FROM DEVICE,PRODUCT SAFETY,SAFETY AND SECURITY,"AMAZON,APPLE,FACEBOOK,GOOGLE",45,26
NEARBY LOCATIONS AND PEOPLE,LOCATION FROM DEVICE,PROTECT COMPANY,SAFETY AND SECURITY,APPLE,45,27
NEARBY LOCATIONS AND PEOPLE,LOCATION FROM DEVICE,PROVIDE SERVICES,OPERATIONS,"AMAZON,APPLE,FACEBOOK,GOOGLE",45,21
NEARBY LOCATIONS AND PEOPLE,LOCATION FROM DEVICE,RECOGNIZE FACES,OPERATIONS,"AMAZON,APPLE,FACEBOOK,GOOGLE",45,22
NEARBY LOCATIONS AND PEOPLE,LOCATION FROM DEVICE,SERVICES FOR EXTERNAL BUSINESSES,THIRD PARTY,APPLE,45,23
NEARBY LOCATIONS AND PEOPLE,LOCATION FROM DEVICE,THIRD PARTY,THIRD PARTY,"APPLE,GOOGLE,FACEBOOK",45,29
NETWORK INFO,DEVICE INFO,ACCOUNT SECURITY,SAFETY AND SECURITY,"AMAZON,APPLE,FACEBOOK,GOOGLE",40,25
NETWORK INFO,DEVICE INFO,ADVERTISING,ADVERTISING,"AMAZON,APPLE,FACEBOOK,GOOGLE",40,11
NETWORK INFO,DEVICE INFO,ANALYTICS,ANALYTICS,"AMAZON,APPLE,FACEBOOK,GOOGLE",40,13
NETWORK INFO,DEVICE INFO,ANY PURPOSE,ANY PURPOSE,"AMAZON,APPLE,FACEBOOK,GOOGLE",40,18
NETWORK INFO,DEVICE INFO,ANYONE,THIRD PARTY,"AMAZON,APPLE,FACEBOOK,GOOGLE",40,28
NETWORK INFO,DEVICE INFO,COMPANY OPERATIONS,OPERATIONS,"AMAZON,APPLE,FACEBOOK,GOOGLE",40,20
NETWORK INFO,DEVICE INFO,IMPROVE PRODUCT,ANALYTICS,"AMAZON,APPLE,FACEBOOK,GOOGLE",40,14
NETWORK INFO,DEVICE INFO,LEARN USERS' BEHAVIOR,ANALYTICS,"AMAZON,APPLE,FACEBOOK,GOOGLE",40,15
NETWORK INFO,DEVICE INFO,LOCATION-BASED SERVICES,OPERATIONS,"AMAZON,APPLE,FACEBOOK,GOOGLE",40,19
NETWORK INFO,DEVICE INFO,OTHER,ADVERTISING,"AMAZON,APPLE,FACEBOOK,GOOGLE",40,12
NETWORK INFO,DEVICE INFO,PERSONALIZE CONTENT,ANALYTICS,"AMAZON,APPLE,FACEBOOK,GOOGLE",40,16
NETWORK INFO,DEVICE INFO,PERSONALIZE PRODUCT,ANALYTICS,"AMAZON,APPLE,FACEBOOK,GOOGLE",40,17
NETWORK INFO,DEVICE INFO,PRODUCT SAFETY,SAFETY AND SECURITY,"AMAZON,APPLE,FACEBOOK,GOOGLE",40,26
NETWORK INFO,DEVICE INFO,PROTECT COMPANY,SAFETY AND SECURITY,"AMAZON,APPLE,FACEBOOK,GOOGLE",40,27
NETWORK INFO,DEVICE INFO,PROVIDE SERVICES,OPERATIONS,"AMAZON,APPLE,FACEBOOK,GOOGLE",40,21
NETWORK INFO,DEVICE INFO,RECOGNIZE FACES,OPERATIONS,"AMAZON,APPLE,FACEBOOK,GOOGLE",40,22
NETWORK INFO,DEVICE INFO,RESEARCH AND DEVELOPMENT,RESEARCH AND DEVELOPMENT,"AMAZON,APPLE,FACEBOOK,GOOGLE",40,24
NETWORK INFO,DEVICE INFO,SERVICES FOR EXTERNAL BUSINESSES,THIRD PARTY,"AMAZON,APPLE,FACEBOOK,GOOGLE",40,23
NETWORK INFO,DEVICE INFO,THIRD PARTY,THIRD PARTY,"AMAZON,APPLE,FACEBOOK,GOOGLE",40,29
NON-PERSONAL DATA,NON-PERSONAL DATA,ACCOUNT SECURITY,SAFETY AND SECURITY,"AMAZON,APPLE,FACEBOOK,GOOGLE",47,25
NON-PERSONAL DATA,NON-PERSONAL DATA,ADVERTISING,ADVERTISING,"AMAZON,APPLE",47,11
NON-PERSONAL DATA,NON-PERSONAL DATA,ANALYTICS,ANALYTICS,"AMAZON,APPLE",47,13
NON-PERSONAL DATA,NON-PERSONAL DATA,ANY PURPOSE,ANY PURPOSE,"AMAZON,APPLE,FACEBOOK,GOOGLE",47,18
NON-PERSONAL DATA,NON-PERSONAL DATA,ANYONE,THIRD PARTY,APPLE,47,28
NON-PERSONAL DATA,NON-PERSONAL DATA,COMPANY OPERATIONS,OPERATIONS,"AMAZON,APPLE,FACEBOOK,GOOGLE",47,20
NON-PERSONAL DATA,NON-PERSONAL DATA,IMPROVE PRODUCT,ANALYTICS,"AMAZON,APPLE",47,14
NON-PERSONAL DATA,NON-PERSONAL DATA,LEARN USERS' BEHAVIOR,ANALYTICS,"AMAZON,APPLE",47,15
NON-PERSONAL DATA,NON-PERSONAL DATA,LOCATION-BASED SERVICES,OPERATIONS,"AMAZON,APPLE",47,19
NON-PERSONAL DATA,NON-PERSONAL DATA,OTHER,ADVERTISING,"AMAZON,APPLE,GOOGLE",47,12
NON-PERSONAL DATA,NON-PERSONAL DATA,PERSONALIZE CONTENT,ANALYTICS,"AMAZON,APPLE",47,16
NON-PERSONAL DATA,NON-PERSONAL DATA,PERSONALIZE PRODUCT,ANALYTICS,"AMAZON,APPLE",47,17
NON-PERSONAL DATA,NON-PERSONAL DATA,PRODUCT SAFETY,SAFETY AND SECURITY,"AMAZON,APPLE",47,26
NON-PERSONAL DATA,NON-PERSONAL DATA,PROTECT COMPANY,SAFETY AND SECURITY,"AMAZON,APPLE",47,27
NON-PERSONAL DATA,NON-PERSONAL DATA,PROVIDE SERVICES,OPERATIONS,"AMAZON,APPLE,FACEBOOK,GOOGLE",47,21
NON-PERSONAL DATA,NON-PERSONAL DATA,RECOGNIZE FACES,OPERATIONS,"AMAZON,APPLE",47,22
NON-PERSONAL DATA,NON-PERSONAL DATA,SERVICES FOR EXTERNAL BUSINESSES,THIRD PARTY,"AMAZON,APPLE",47,23
NON-PERSONAL DATA,NON-PERSONAL DATA,THIRD PARTY,THIRD PARTY,"AMAZON,APPLE,FACEBOOK",47,29
OTHER ACCOUNT INFORMATION,PERSONAL DATA,ACCOUNT SECURITY,SAFETY AND SECURITY,"AMAZON,APPLE,FACEBOOK,GOOGLE",59,25
OTHER ACCOUNT INFORMATION,PERSONAL DATA,ADVERTISING,ADVERTISING,"AMAZON,APPLE,FACEBOOK,GOOGLE",59,11
OTHER ACCOUNT INFORMATION,PERSONAL DATA,ANALYTICS,ANALYTICS,"AMAZON,APPLE,FACEBOOK,GOOGLE",59,13
OTHER ACCOUNT INFORMATION,PERSONAL DATA,ANY PURPOSE,ANY PURPOSE,"AMAZON,APPLE,FACEBOOK,GOOGLE",59,18
OTHER ACCOUNT INFORMATION,PERSONAL DATA,ANYONE,THIRD PARTY,"APPLE,FACEBOOK,GOOGLE",59,28
OTHER ACCOUNT INFORMATION,PERSONAL DATA,COMPANY OPERATIONS,OPERATIONS,"AMAZON,APPLE,FACEBOOK,GOOGLE",59,20
OTHER ACCOUNT INFORMATION,PERSONAL DATA,IMPROVE PRODUCT,ANALYTICS,"AMAZON,APPLE,FACEBOOK,GOOGLE",59,14
OTHER ACCOUNT INFORMATION,PERSONAL DATA,LEARN USERS' BEHAVIOR,ANALYTICS,"AMAZON,APPLE,FACEBOOK,GOOGLE",59,15
OTHER ACCOUNT INFORMATION,PERSONAL DATA,LOCATION-BASED SERVICES,OPERATIONS,"AMAZON,APPLE,FACEBOOK,GOOGLE",59,19
OTHER ACCOUNT INFORMATION,PERSONAL DATA,OTHER,ADVERTISING,"AMAZON,APPLE,FACEBOOK,GOOGLE",59,12
OTHER ACCOUNT INFORMATION,PERSONAL DATA,PERSONALIZE CONTENT,ANALYTICS,"AMAZON,APPLE,FACEBOOK,GOOGLE",59,16
OTHER ACCOUNT INFORMATION,PERSONAL DATA,PERSONALIZE PRODUCT,ANALYTICS,"AMAZON,APPLE,FACEBOOK,GOOGLE",59,17
OTHER ACCOUNT INFORMATION,PERSONAL DATA,PRODUCT SAFETY,SAFETY AND SECURITY,"AMAZON,APPLE,FACEBOOK,GOOGLE",59,26
OTHER ACCOUNT INFORMATION,PERSONAL DATA,PROTECT COMPANY,SAFETY AND SECURITY,"AMAZON,APPLE,FACEBOOK,GOOGLE",59,27
OTHER ACCOUNT INFORMATION,PERSONAL DATA,PROVIDE SERVICES,OPERATIONS,"AMAZON,APPLE,FACEBOOK,GOOGLE",59,21
OTHER ACCOUNT INFORMATION,PERSONAL DATA,RECOGNIZE FACES,OPERATIONS,"AMAZON,APPLE,FACEBOOK,GOOGLE",59,22
OTHER ACCOUNT INFORMATION,PERSONAL DATA,SERVICES FOR EXTERNAL BUSINESSES,THIRD PARTY,"AMAZON,APPLE,FACEBOOK,GOOGLE",59,23
OTHER ACCOUNT INFORMATION,PERSONAL DATA,THIRD PARTY,THIRD PARTY,"AMAZON,APPLE,FACEBOOK,GOOGLE",59,29
PAYMENT CARD INFORMATION,PERSONAL DATA,ACCOUNT SECURITY,SAFETY AND SECURITY,"AMAZON,FACEBOOK",60,25
PAYMENT CARD INFORMATION,PERSONAL DATA,ADVERTISING,ADVERTISING,AMAZON,60,11
PAYMENT CARD INFORMATION,PERSONAL DATA,ANALYTICS,ANALYTICS,AMAZON,60,13
PAYMENT CARD INFORMATION,PERSONAL DATA,ANY PURPOSE,ANY PURPOSE,AMAZON,60,18
PAYMENT CARD INFORMATION,PERSONAL DATA,IMPROVE PRODUCT,ANALYTICS,AMAZON,60,14
PAYMENT CARD INFORMATION,PERSONAL DATA,LEARN USERS' BEHAVIOR,ANALYTICS,AMAZON,60,15
PAYMENT CARD INFORMATION,PERSONAL DATA,LOCATION-BASED SERVICES,OPERATIONS,AMAZON,60,19
PAYMENT CARD INFORMATION,PERSONAL DATA,OTHER,ADVERTISING,AMAZON,60,12
PAYMENT CARD INFORMATION,PERSONAL DATA,PERSONALIZE CONTENT,ANALYTICS,AMAZON,60,16
PAYMENT CARD INFORMATION,PERSONAL DATA,PERSONALIZE PRODUCT,ANALYTICS,AMAZON,60,17
PAYMENT CARD INFORMATION,PERSONAL DATA,PRODUCT SAFETY,SAFETY AND SECURITY,AMAZON,60,26
PAYMENT CARD INFORMATION,PERSONAL DATA,PROTECT COMPANY,SAFETY AND SECURITY,AMAZON,60,27
PAYMENT CARD INFORMATION,PERSONAL DATA,PROVIDE SERVICES,OPERATIONS,AMAZON,60,21
PAYMENT CARD INFORMATION,PERSONAL DATA,RECOGNIZE FACES,OPERATIONS,AMAZON,60,22
PAYMENT CARD INFORMATION,PERSONAL DATA,SERVICES FOR EXTERNAL BUSINESSES,THIRD PARTY,AMAZON,60,23
PHOTOGRAPH FROM PROFILE,PERSONAL DATA,ACCOUNT SECURITY,SAFETY AND SECURITY,"AMAZON,APPLE,FACEBOOK,GOOGLE",61,25
PHOTOGRAPH FROM PROFILE,PERSONAL DATA,ADVERTISING,ADVERTISING,"AMAZON,APPLE,FACEBOOK,GOOGLE",61,11
PHOTOGRAPH FROM PROFILE,PERSONAL DATA,ANALYTICS,ANALYTICS,"AMAZON,APPLE,FACEBOOK,GOOGLE",61,13
PHOTOGRAPH FROM PROFILE,PERSONAL DATA,ANY PURPOSE,ANY PURPOSE,"AMAZON,APPLE,FACEBOOK,GOOGLE",61,18
PHOTOGRAPH FROM PROFILE,PERSONAL DATA,ANYONE,THIRD PARTY,"APPLE,FACEBOOK,GOOGLE",61,28
PHOTOGRAPH FROM PROFILE,PERSONAL DATA,COMPANY OPERATIONS,OPERATIONS,"AMAZON,APPLE,FACEBOOK,GOOGLE",61,20
PHOTOGRAPH FROM PROFILE,PERSONAL DATA,IMPROVE PRODUCT,ANALYTICS,"AMAZON,APPLE,FACEBOOK,GOOGLE",61,14
PHOTOGRAPH FROM PROFILE,PERSONAL DATA,LEARN USERS' BEHAVIOR,ANALYTICS,"AMAZON,APPLE,FACEBOOK,GOOGLE",61,15
PHOTOGRAPH FROM PROFILE,PERSONAL DATA,LOCATION-BASED SERVICES,OPERATIONS,"AMAZON,APPLE,FACEBOOK,GOOGLE",61,19
PHOTOGRAPH FROM PROFILE,PERSONAL DATA,OTHER,ADVERTISING,"AMAZON,APPLE,FACEBOOK,GOOGLE",61,12
PHOTOGRAPH FROM PROFILE,PERSONAL DATA,PERSONALIZE CONTENT,ANALYTICS,"AMAZON,APPLE,FACEBOOK,GOOGLE",61,16
PHOTOGRAPH FROM PROFILE,PERSONAL DATA,PERSONALIZE PRODUCT,ANALYTICS,"AMAZON,APPLE,FACEBOOK,GOOGLE",61,17
PHOTOGRAPH FROM PROFILE,PERSONAL DATA,PRODUCT SAFETY,SAFETY AND SECURITY,"AMAZON,APPLE,FACEBOOK,GOOGLE",61,26
PHOTOGRAPH FROM PROFILE,PERSONAL DATA,PROTECT COMPANY,SAFETY AND SECURITY,"AMAZON,APPLE,FACEBOOK,GOOGLE",61,27
PHOTOGRAPH FROM PROFILE,PERSONAL DATA,PROVIDE SERVICES,OPERATIONS,"AMAZON,APPLE,FACEBOOK,GOOGLE",61,21
PHOTOGRAPH FROM PROFILE,PERSONAL DATA,RECOGNIZE FACES,OPERATIONS,"AMAZON,APPLE,FACEBOOK,GOOGLE",61,22
PHOTOGRAPH FROM PROFILE,PERSONAL DATA,SERVICES FOR EXTERNAL BUSINESSES,THIRD PARTY,"AMAZON,APPLE,FACEBOOK,GOOGLE",61,23
PHOTOGRAPH FROM PROFILE,PERSONAL DATA,THIRD PARTY,THIRD PARTY,"AMAZON,APPLE,FACEBOOK,GOOGLE",61,29
PHOTOS,PERSONAL DATA,ACCOUNT SECURITY,SAFETY AND SECURITY,FACEBOOK,62,25
PHOTOS,PERSONAL DATA,IMPROVE PRODUCT,ANALYTICS,AMAZON,62,14
PRODUCT SUPPORT,PRODUCT USE,ACCOUNT SECURITY,SAFETY AND SECURITY,"AMAZON,FACEBOOK",65,25
PRODUCT SUPPORT,PRODUCT USE,ADVERTISING,ADVERTISING,"AMAZON,APPLE",65,11
PRODUCT SUPPORT,PRODUCT USE,ANALYTICS,ANALYTICS,"AMAZON,APPLE",65,13
PRODUCT SUPPORT,PRODUCT USE,ANY PURPOSE,ANY PURPOSE,"AMAZON,APPLE,FACEBOOK,GOOGLE",65,18
PRODUCT SUPPORT,PRODUCT USE,COMPANY OPERATIONS,OPERATIONS,"AMAZON,APPLE",65,20
PRODUCT SUPPORT,PRODUCT USE,IMPROVE PRODUCT,ANALYTICS,"AMAZON,APPLE",65,14
PRODUCT SUPPORT,PRODUCT USE,LEARN USERS' BEHAVIOR,ANALYTICS,"AMAZON,APPLE",65,15
PRODUCT SUPPORT,PRODUCT USE,LOCATION-BASED SERVICES,OPERATIONS,"AMAZON,APPLE",65,19
PRODUCT SUPPORT,PRODUCT USE,OTHER,ADVERTISING,"AMAZON,APPLE",65,12
PRODUCT SUPPORT,PRODUCT USE,PERSONALIZE CONTENT,ANALYTICS,"AMAZON,APPLE",65,16
PRODUCT SUPPORT,PRODUCT USE,PERSONALIZE PRODUCT,ANALYTICS,AMAZON,65,17
PRODUCT SUPPORT,PRODUCT USE,PRODUCT SAFETY,SAFETY AND SECURITY,AMAZON,65,26
PRODUCT SUPPORT,PRODUCT USE,PROTECT COMPANY,SAFETY AND SECURITY,"AMAZON,APPLE",65,27
PRODUCT SUPPORT,PRODUCT USE,PROVIDE SERVICES,OPERATIONS,"AMAZON,APPLE",65,21
PRODUCT SUPPORT,PRODUCT USE,RECOGNIZE FACES,OPERATIONS,"AMAZON,APPLE",65,22
PRODUCT SUPPORT,PRODUCT USE,SERVICES FOR EXTERNAL BUSINESSES,THIRD PARTY,"AMAZON,APPLE",65,23
PRODUCT USE,PRODUCT USE,ACCOUNT SECURITY,SAFETY AND SECURITY,"AMAZON,APPLE,FACEBOOK,GOOGLE",66,25
PRODUCT USE,PRODUCT USE,ADVERTISING,ADVERTISING,"AMAZON,APPLE,FACEBOOK,GOOGLE",66,11
PRODUCT USE,PRODUCT USE,ANALYTICS,ANALYTICS,"AMAZON,APPLE,FACEBOOK,GOOGLE",66,13
PRODUCT USE,PRODUCT USE,ANY PURPOSE,ANY PURPOSE,"AMAZON,APPLE,FACEBOOK,GOOGLE",66,18
PRODUCT USE,PRODUCT USE,ANYONE,THIRD PARTY,"AMAZON,APPLE,FACEBOOK,GOOGLE",66,28
PRODUCT USE,PRODUCT USE,COMPANY OPERATIONS,OPERATIONS,"AMAZON,APPLE,FACEBOOK,GOOGLE",66,20
PRODUCT USE,PRODUCT USE,IMPROVE PRODUCT,ANALYTICS,"AMAZON,APPLE,FACEBOOK,GOOGLE",66,14
PRODUCT USE,PRODUCT USE,LEARN USERS' BEHAVIOR,ANALYTICS,"AMAZON,APPLE,FACEBOOK,GOOGLE",66,15
PRODUCT USE,PRODUCT USE,LOCATION-BASED SERVICES,OPERATIONS,"AMAZON,APPLE,FACEBOOK,GOOGLE",66,19
PRODUCT USE,PRODUCT USE,OTHER,ADVERTISING,"AMAZON,APPLE,FACEBOOK,GOOGLE",66,12
PRODUCT USE,PRODUCT USE,PERSONALIZE CONTENT,ANALYTICS,"AMAZON,APPLE,FACEBOOK,GOOGLE",66,16
PRODUCT USE,PRODUCT USE,PERSONALIZE PRODUCT,ANALYTICS,"AMAZON,APPLE,FACEBOOK,GOOGLE",66,17
PRODUCT USE,PRODUCT USE,PRODUCT SAFETY,SAFETY AND SECURITY,"AMAZON,APPLE,FACEBOOK,GOOGLE",66,26
PRODUCT USE,PRODUCT USE,PROTECT COMPANY,SAFETY AND SECURITY,"AMAZON,APPLE,FACEBOOK,GOOGLE",66,27
PRODUCT USE,PRODUCT USE,PROVIDE SERVICES,OPERATIONS,"AMAZON,APPLE,FACEBOOK,GOOGLE",66,21
PRODUCT USE,PRODUCT USE,RECOGNIZE FACES,OPERATIONS,"AMAZON,APPLE,FACEBOOK,GOOGLE",66,22
PRODUCT USE,PRODUCT USE,RESEARCH AND DEVELOPMENT,RESEARCH AND DEVELOPMENT,"AMAZON,APPLE,FACEBOOK,GOOGLE",66,24
PRODUCT USE,PRODUCT USE,SERVICES FOR EXTERNAL BUSINESSES,THIRD PARTY,"AMAZON,APPLE,FACEBOOK,GOOGLE",66,23
PRODUCT USE,PRODUCT USE,THIRD PARTY,THIRD PARTY,"AMAZON,APPLE,FACEBOOK,GOOGLE",66,29
PUBLIC DATA,NON-PERSONAL DATA,ACCOUNT SECURITY,SAFETY AND SECURITY,"AMAZON,APPLE,FACEBOOK,GOOGLE",48,25
PUBLIC DATA,NON-PERSONAL DATA,ADVERTISING,ADVERTISING,"AMAZON,APPLE,FACEBOOK,GOOGLE",48,11
PUBLIC DATA,NON-PERSONAL DATA,ANALYTICS,ANALYTICS,AMAZON,48,13
PUBLIC DATA,NON-PERSONAL DATA,ANY PURPOSE,ANY PURPOSE,"AMAZON,APPLE,FACEBOOK,GOOGLE",48,18
PUBLIC DATA,NON-PERSONAL DATA,ANYONE,THIRD PARTY,"AMAZON,APPLE,FACEBOOK,GOOGLE",48,28
PUBLIC DATA,NON-PERSONAL DATA,COMPANY OPERATIONS,OPERATIONS,"AMAZON,APPLE,FACEBOOK,GOOGLE",48,20
PUBLIC DATA,NON-PERSONAL DATA,IMPROVE PRODUCT,ANALYTICS,"AMAZON,APPLE,FACEBOOK,GOOGLE",48,14
PUBLIC DATA,NON-PERSONAL DATA,LEARN USERS' BEHAVIOR,ANALYTICS,"AMAZON,APPLE,FACEBOOK,GOOGLE",48,15
PUBLIC DATA,NON-PERSONAL DATA,LOCATION-BASED SERVICES,OPERATIONS,"AMAZON,APPLE,FACEBOOK,GOOGLE",48,19
PUBLIC DATA,NON-PERSONAL DATA,OTHER,ADVERTISING,"AMAZON,APPLE,FACEBOOK,GOOGLE",48,12
PUBLIC DATA,NON-PERSONAL DATA,PERSONALIZE CONTENT,ANALYTICS,"AMAZON,APPLE,FACEBOOK,GOOGLE",48,16
PUBLIC DATA,NON-PERSONAL DATA,PERSONALIZE PRODUCT,ANALYTICS,"AMAZON,APPLE,FACEBOOK,GOOGLE",48,17
PUBLIC DATA,NON-PERSONAL DATA,PRODUCT SAFETY,SAFETY AND SECURITY,"AMAZON,APPLE,FACEBOOK,GOOGLE",48,26
PUBLIC DATA,NON-PERSONAL DATA,PROTECT COMPANY,SAFETY AND SECURITY,"AMAZON,APPLE,FACEBOOK,GOOGLE",48,27
PUBLIC DATA,NON-PERSONAL DATA,PROVIDE SERVICES,OPERATIONS,"AMAZON,APPLE,FACEBOOK,GOOGLE",48,21
PUBLIC DATA,NON-PERSONAL DATA,RECOGNIZE FACES,OPERATIONS,"AMAZON,APPLE,FACEBOOK,GOOGLE",48,22
PUBLIC DATA,NON-PERSONAL DATA,RESEARCH AND DEVELOPMENT,RESEARCH AND DEVELOPMENT,APPLE,48,24
PUBLIC DATA,NON-PERSONAL DATA,SERVICES FOR EXTERNAL BUSINESSES,THIRD PARTY,"AMAZON,FACEBOOK",48,23
PUBLIC DATA,NON-PERSONAL DATA,THIRD PARTY,THIRD PARTY,"AMAZON,APPLE,FACEBOOK,GOOGLE",48,29
PURCHASE HISTORY,NON-PERSONAL DATA,ACCOUNT SECURITY,SAFETY AND SECURITY,"AMAZON,APPLE,FACEBOOK,GOOGLE",49,25
PURCHASE HISTORY,NON-PERSONAL DATA,ADVERTISING,ADVERTISING,AMAZON,49,11
PURCHASE HISTORY,NON-PERSONAL DATA,ANALYTICS,ANALYTICS,AMAZON,49,13
PURCHASE HISTORY,NON-PERSONAL DATA,ANY PURPOSE,ANY PURPOSE,"AMAZON,FACEBOOK,GOOGLE",49,18
PURCHASE HISTORY,NON-PERSONAL DATA,ANYONE,THIRD PARTY,APPLE,49,28
PURCHASE HISTORY,NON-PERSONAL DATA,COMPANY OPERATIONS,OPERATIONS,"AMAZON,APPLE,FACEBOOK,GOOGLE",49,20
PURCHASE HISTORY,NON-PERSONAL DATA,IMPROVE PRODUCT,ANALYTICS,AMAZON,49,14
PURCHASE HISTORY,NON-PERSONAL DATA,LEARN USERS' BEHAVIOR,ANALYTICS,AMAZON,49,15
PURCHASE HISTORY,NON-PERSONAL DATA,LOCATION-BASED SERVICES,OPERATIONS,AMAZON,49,19
PURCHASE HISTORY,NON-PERSONAL DATA,OTHER,ADVERTISING,AMAZON,49,12
PURCHASE HISTORY,NON-PERSONAL DATA,PERSONALIZE CONTENT,ANALYTICS,AMAZON,49,16
PURCHASE HISTORY,NON-PERSONAL DATA,PERSONALIZE PRODUCT,ANALYTICS,AMAZON,49,17
PURCHASE HISTORY,NON-PERSONAL DATA,PRODUCT SAFETY,SAFETY AND SECURITY,AMAZON,49,26
PURCHASE HISTORY,NON-PERSONAL DATA,PROTECT COMPANY,SAFETY AND SECURITY,AMAZON,49,27
PURCHASE HISTORY,NON-PERSONAL DATA,PROVIDE SERVICES,OPERATIONS,"AMAZON,APPLE,FACEBOOK,GOOGLE",49,21
PURCHASE HISTORY,NON-PERSONAL DATA,RECOGNIZE FACES,OPERATIONS,AMAZON,49,22
PURCHASE HISTORY,NON-PERSONAL DATA,SERVICES FOR EXTERNAL BUSINESSES,THIRD PARTY,AMAZON,49,23
PURCHASE HISTORY,NON-PERSONAL DATA,THIRD PARTY,THIRD PARTY,"AMAZON,FACEBOOK",49,29
"SEARCHES (TERMS, RESULTS, HISTORY)",NON-PERSONAL DATA,ACCOUNT SECURITY,SAFETY AND SECURITY,"AMAZON,APPLE,FACEBOOK,GOOGLE",50,25
"SEARCHES (TERMS, RESULTS, HISTORY)",NON-PERSONAL DATA,ADVERTISING,ADVERTISING,AMAZON,50,11
"SEARCHES (TERMS, RESULTS, HISTORY)",NON-PERSONAL DATA,ANALYTICS,ANALYTICS,AMAZON,50,13
"SEARCHES (TERMS, RESULTS, HISTORY)",NON-PERSONAL DATA,ANY PURPOSE,ANY PURPOSE,"AMAZON,FACEBOOK,GOOGLE",50,18
"SEARCHES (TERMS, RESULTS, HISTORY)",NON-PERSONAL DATA,ANYONE,THIRD PARTY,"AMAZON,APPLE",50,28
"SEARCHES (TERMS, RESULTS, HISTORY)",NON-PERSONAL DATA,COMPANY OPERATIONS,OPERATIONS,"AMAZON,APPLE,FACEBOOK,GOOGLE",50,20
"SEARCHES (TERMS, RESULTS, HISTORY)",NON-PERSONAL DATA,IMPROVE PRODUCT,ANALYTICS,AMAZON,50,14
"SEARCHES (TERMS, RESULTS, HISTORY)",NON-PERSONAL DATA,LEARN USERS' BEHAVIOR,ANALYTICS,AMAZON,50,15
"SEARCHES (TERMS, RESULTS, HISTORY)",NON-PERSONAL DATA,LOCATION-BASED SERVICES,OPERATIONS,AMAZON,50,19
"SEARCHES (TERMS, RESULTS, HISTORY)",NON-PERSONAL DATA,OTHER,ADVERTISING,"AMAZON,APPLE,GOOGLE",50,12
"SEARCHES (TERMS, RESULTS, HISTORY)",NON-PERSONAL DATA,PERSONALIZE CONTENT,ANALYTICS,AMAZON,50,16
"SEARCHES (TERMS, RESULTS, HISTORY)",NON-PERSONAL DATA,PERSONALIZE PRODUCT,ANALYTICS,AMAZON,50,17
"SEARCHES (TERMS, RESULTS, HISTORY)",NON-PERSONAL DATA,PRODUCT SAFETY,SAFETY AND SECURITY,AMAZON,50,26
"SEARCHES (TERMS, RESULTS, HISTORY)",NON-PERSONAL DATA,PROTECT COMPANY,SAFETY AND SECURITY,AMAZON,50,27
"SEARCHES (TERMS, RESULTS, HISTORY)",NON-PERSONAL DATA,PROVIDE SERVICES,OPERATIONS,"AMAZON,APPLE,FACEBOOK,GOOGLE",50,21
"SEARCHES (TERMS, RESULTS, HISTORY)",NON-PERSONAL DATA,RECOGNIZE FACES,OPERATIONS,AMAZON,50,22
"SEARCHES (TERMS, RESULTS, HISTORY)",NON-PERSONAL DATA,SERVICES FOR EXTERNAL BUSINESSES,THIRD PARTY,AMAZON,50,23
"SEARCHES (TERMS, RESULTS, HISTORY)",NON-PERSONAL DATA,THIRD PARTY,THIRD PARTY,"AMAZON,FACEBOOK",50,29
SERVICE PROVIDER,DEVICE SIGNALS,ACCOUNT SECURITY,SAFETY AND SECURITY,"AMAZON,APPLE,FACEBOOK,GOOGLE",42,25
SERVICE PROVIDER,DEVICE SIGNALS,ADVERTISING,ADVERTISING,"AMAZON,APPLE,FACEBOOK,GOOGLE",42,11
SERVICE PROVIDER,DEVICE SIGNALS,ANALYTICS,ANALYTICS,"AMAZON,APPLE,FACEBOOK,GOOGLE",42,13
SERVICE PROVIDER,DEVICE SIGNALS,ANY PURPOSE,ANY PURPOSE,"AMAZON,APPLE,FACEBOOK,GOOGLE",42,18
SERVICE PROVIDER,DEVICE SIGNALS,ANYONE,THIRD PARTY,"AMAZON,APPLE,FACEBOOK,GOOGLE",42,28
SERVICE PROVIDER,DEVICE SIGNALS,COMPANY OPERATIONS,OPERATIONS,"AMAZON,APPLE,FACEBOOK,GOOGLE",42,20
SERVICE PROVIDER,DEVICE SIGNALS,IMPROVE PRODUCT,ANALYTICS,"AMAZON,APPLE,FACEBOOK,GOOGLE",42,14
SERVICE PROVIDER,DEVICE SIGNALS,LEARN USERS' BEHAVIOR,ANALYTICS,"AMAZON,APPLE,FACEBOOK,GOOGLE",42,15
SERVICE PROVIDER,DEVICE SIGNALS,LOCATION-BASED SERVICES,OPERATIONS,"AMAZON,APPLE,FACEBOOK,GOOGLE",42,19
SERVICE PROVIDER,DEVICE SIGNALS,OTHER,ADVERTISING,"AMAZON,APPLE,FACEBOOK,GOOGLE",42,12
SERVICE PROVIDER,DEVICE SIGNALS,PERSONALIZE CONTENT,ANALYTICS,"AMAZON,APPLE,FACEBOOK,GOOGLE",42,16
SERVICE PROVIDER,DEVICE SIGNALS,PERSONALIZE PRODUCT,ANALYTICS,"AMAZON,APPLE,FACEBOOK,GOOGLE",42,17
SERVICE PROVIDER,DEVICE SIGNALS,PRODUCT SAFETY,SAFETY AND SECURITY,"AMAZON,APPLE,FACEBOOK,GOOGLE",42,26
SERVICE PROVIDER,DEVICE SIGNALS,PROTECT COMPANY,SAFETY AND SECURITY,"AMAZON,APPLE,FACEBOOK,GOOGLE",42,27
SERVICE PROVIDER,DEVICE SIGNALS,PROVIDE SERVICES,OPERATIONS,"AMAZON,APPLE,FACEBOOK,GOOGLE",42,21
SERVICE PROVIDER,DEVICE SIGNALS,RECOGNIZE FACES,OPERATIONS,"AMAZON,APPLE,FACEBOOK,GOOGLE",42,22
SERVICE PROVIDER,DEVICE SIGNALS,RESEARCH AND DEVELOPMENT,RESEARCH AND DEVELOPMENT,"AMAZON,APPLE,FACEBOOK,GOOGLE",42,24
SERVICE PROVIDER,DEVICE SIGNALS,SERVICES FOR EXTERNAL BUSINESSES,THIRD PARTY,"AMAZON,APPLE,FACEBOOK,GOOGLE",42,23
SERVICE PROVIDER,DEVICE SIGNALS,THIRD PARTY,THIRD PARTY,"AMAZON,APPLE,FACEBOOK,GOOGLE",42,29
SOCIAL SECURITY NUMBER,PERSONAL DATA,ACCOUNT SECURITY,SAFETY AND SECURITY,AMAZON,63,25
SOCIAL SECURITY NUMBER,PERSONAL DATA,ADVERTISING,ADVERTISING,AMAZON,63,11
SOCIAL SECURITY NUMBER,PERSONAL DATA,COMPANY OPERATIONS,OPERATIONS,AMAZON,63,20
SOCIAL SECURITY NUMBER,PERSONAL DATA,IMPROVE PRODUCT,ANALYTICS,AMAZON,63,14
SOCIAL SECURITY NUMBER,PERSONAL DATA,LEARN USERS' BEHAVIOR,ANALYTICS,AMAZON,63,15
SOCIAL SECURITY NUMBER,PERSONAL DATA,OTHER,ADVERTISING,AMAZON,63,12
SOCIAL SECURITY NUMBER,PERSONAL DATA,PERSONALIZE CONTENT,ANALYTICS,AMAZON,63,16
SOCIAL SECURITY NUMBER,PERSONAL DATA,PRODUCT SAFETY,SAFETY AND SECURITY,AMAZON,63,26
SOCIAL SECURITY NUMBER,PERSONAL DATA,PROTECT COMPANY,SAFETY AND SECURITY,AMAZON,63,27
SOCIAL SECURITY NUMBER,PERSONAL DATA,PROVIDE SERVICES,OPERATIONS,AMAZON,63,21
SOCIAL SECURITY NUMBER,PERSONAL DATA,RECOGNIZE FACES,OPERATIONS,AMAZON,63,22
SOCIAL SECURITY NUMBER,PERSONAL DATA,SERVICES FOR EXTERNAL BUSINESSES,THIRD PARTY,AMAZON,63,23
USER'S CONTACT INFORMATION,PERSONAL DATA,ACCOUNT SECURITY,SAFETY AND SECURITY,"AMAZON,APPLE,FACEBOOK,GOOGLE",64,25
USER'S CONTACT INFORMATION,PERSONAL DATA,ADVERTISING,ADVERTISING,"AMAZON,APPLE,FACEBOOK,GOOGLE",64,11
USER'S CONTACT INFORMATION,PERSONAL DATA,ANALYTICS,ANALYTICS,"AMAZON,APPLE,FACEBOOK,GOOGLE",64,13
USER'S CONTACT INFORMATION,PERSONAL DATA,ANY PURPOSE,ANY PURPOSE,"AMAZON,APPLE,FACEBOOK,GOOGLE",64,18
USER'S CONTACT INFORMATION,PERSONAL DATA,ANYONE,THIRD PARTY,"AMAZON,APPLE,FACEBOOK,GOOGLE",64,28
USER'S CONTACT INFORMATION,PERSONAL DATA,COMPANY OPERATIONS,OPERATIONS,"AMAZON,APPLE,FACEBOOK,GOOGLE",64,20
USER'S CONTACT INFORMATION,PERSONAL DATA,IMPROVE PRODUCT,ANALYTICS,"AMAZON,APPLE,FACEBOOK,GOOGLE",64,14
USER'S CONTACT INFORMATION,PERSONAL DATA,LEARN USERS' BEHAVIOR,ANALYTICS,"AMAZON,APPLE,FACEBOOK,GOOGLE",64,15
USER'S CONTACT INFORMATION,PERSONAL DATA,LOCATION-BASED SERVICES,OPERATIONS,"AMAZON,APPLE,FACEBOOK,GOOGLE",64,19
USER'S CONTACT INFORMATION,PERSONAL DATA,OTHER,ADVERTISING,"AMAZON,APPLE,FACEBOOK,GOOGLE",64,12
USER'S CONTACT INFORMATION,PERSONAL DATA,PERSONALIZE CONTENT,ANALYTICS,"AMAZON,APPLE,FACEBOOK,GOOGLE",64,16
USER'S CONTACT INFORMATION,PERSONAL DATA,PERSONALIZE PRODUCT,ANALYTICS,"AMAZON,APPLE,FACEBOOK,GOOGLE",64,17
USER'S CONTACT INFORMATION,PERSONAL DATA,PRODUCT SAFETY,SAFETY AND SECURITY,"AMAZON,APPLE,FACEBOOK,GOOGLE",64,26
USER'S CONTACT INFORMATION,PERSONAL DATA,PROTECT COMPANY,SAFETY AND SECURITY,"AMAZON,APPLE,FACEBOOK,GOOGLE",64,27
USER'S CONTACT INFORMATION,PERSONAL DATA,PROVIDE SERVICES,OPERATIONS,"AMAZON,APPLE,FACEBOOK,GOOGLE",64,21
USER'S CONTACT INFORMATION,PERSONAL DATA,RECOGNIZE FACES,OPERATIONS,"AMAZON,APPLE,FACEBOOK,GOOGLE",64,22
USER'S CONTACT INFORMATION,PERSONAL DATA,SERVICES FOR EXTERNAL BUSINESSES,THIRD PARTY,"AMAZON,APPLE,FACEBOOK,GOOGLE",64,23
USER'S CONTACT INFORMATION,PERSONAL DATA,THIRD PARTY,THIRD PARTY,"AMAZON,APPLE,FACEBOOK,GOOGLE",64,29