DATATYPE,DATATYPESUBCATEGORY,PURPOSE,PURPOSESUBCATEGORY,GOOGLE2019,GOOGLE2010,GOOGLE2001
ACCOUNT INFORMATION,PERSONAL DATA,ADVERTISING,ADVERTISING,GOOGLE,GOOGLE,GOOGLE
ACCOUNT INFORMATION,PERSONAL DATA,ANALYTICS,ANALYTICS,GOOGLE,GOOGLE,GOOGLE
ACCOUNT INFORMATION,PERSONAL DATA,IMPROVE PRODUCTS,ANALYTICS,GOOGLE,GOOGLE,GOOGLE
ACCOUNT INFORMATION,PERSONAL DATA,LEARN USERS' BEHAVIOR,ANALYTICS,GOOGLE,GOOGLE,GOOGLE
ACCOUNT INFORMATION,PERSONAL DATA,PERSONALIZE CONTENT,ANALYTICS,GOOGLE,GOOGLE,GOOGLE
ACCOUNT INFORMATION,PERSONAL DATA,PERSONALIZE PRODUCTS,ANALYTICS,GOOGLE,GOOGLE,GOOGLE
ACCOUNT INFORMATION,PERSONAL DATA,COMPANY OPERATIONS,OPERATIONS,GOOGLE,GOOGLE,GOOGLE
ACCOUNT INFORMATION,PERSONAL DATA,LOCATION-BASED SERVICES,OPERATIONS,GOOGLE,GOOGLE,GOOGLE
ACCOUNT INFORMATION,PERSONAL DATA,PROVIDE SERVICES,OPERATIONS,GOOGLE,GOOGLE,GOOGLE
ACCOUNT INFORMATION,PERSONAL DATA,RESEARCH AND DEVELOPMENT,RESEARCH AND DEVELOPMENT,GOOGLE,GOOGLE,GOOGLE
ACCOUNT INFORMATION,PERSONAL DATA,ACCOUNT SECURITY,SAFETY AND SECURITY,GOOGLE,GOOGLE,GOOGLE
ACCOUNT INFORMATION,PERSONAL DATA,PRODUCT SAFETY,SAFETY AND SECURITY,GOOGLE,GOOGLE,GOOGLE
ACCOUNT INFORMATION,PERSONAL DATA,PROTECT COMPANY,SAFETY AND SECURITY,GOOGLE,GOOGLE,GOOGLE
ACCOUNT INFORMATION,PERSONAL DATA,LEGAL COMPLIANCE,THIRD PARTY,GOOGLE,GOOGLE,GOOGLE
ACCOUNT INFORMATION,PERSONAL DATA,SERVICES FOR EXTERNAL BUSINESSES,THIRD PARTY,GOOGLE,GOOGLE,GOOGLE
ACCOUNT INFORMATION,PERSONAL DATA,THIRD PARTY,THIRD PARTY,GOOGLE,GOOGLE,GOOGLE
ACTIVE STATUS,PRODUCT USE,ACCOUNT SECURITY,SAFETY AND SECURITY,GOOGLE,GOOGLE,GOOGLE
ACTIVE STATUS,PRODUCT USE,ADVERTISING,ADVERTISING,GOOGLE,GOOGLE,GOOGLE
ACTIVE STATUS,PRODUCT USE,ANALYTICS,ANALYTICS,GOOGLE,GOOGLE,GOOGLE
ACTIVE STATUS,PRODUCT USE,COMPANY OPERATIONS,OPERATIONS,GOOGLE,GOOGLE,GOOGLE
ACTIVE STATUS,PRODUCT USE,IMPROVE PRODUCTS,ANALYTICS,GOOGLE,GOOGLE,GOOGLE
ACTIVE STATUS,PRODUCT USE,LEARN USERS' BEHAVIOR,ANALYTICS,GOOGLE,GOOGLE,GOOGLE
ACTIVE STATUS,PRODUCT USE,LEGAL COMPLIANCE,THIRD PARTY,GOOGLE,GOOGLE,GOOGLE
ACTIVE STATUS,PRODUCT USE,LOCATION-BASED SERVICES,OPERATIONS,GOOGLE,GOOGLE,GOOGLE
ACTIVE STATUS,PRODUCT USE,PERSONALIZE CONTENT,ANALYTICS,GOOGLE,GOOGLE,GOOGLE
ACTIVE STATUS,PRODUCT USE,PERSONALIZE PRODUCTS,ANALYTICS,GOOGLE,GOOGLE,GOOGLE
ACTIVE STATUS,PRODUCT USE,PRODUCT SAFETY,SAFETY AND SECURITY,GOOGLE,GOOGLE,GOOGLE
ACTIVE STATUS,PRODUCT USE,PROTECT COMPANY,SAFETY AND SECURITY,GOOGLE,GOOGLE,GOOGLE
ACTIVE STATUS,PRODUCT USE,PROVIDE SERVICES,OPERATIONS,GOOGLE,GOOGLE,GOOGLE
ACTIVE STATUS,PRODUCT USE,RESEARCH AND DEVELOPMENT,RESEARCH AND DEVELOPMENT,GOOGLE,GOOGLE,GOOGLE
ACTIVE STATUS,PRODUCT USE,SERVICES FOR EXTERNAL BUSINESSES,THIRD PARTY,GOOGLE,GOOGLE,GOOGLE
ACTIVE STATUS,PRODUCT USE,THIRD PARTY,THIRD PARTY,GOOGLE,GOOGLE,GOOGLE
AD INTERACTIONS,PRODUCT USE,ACCOUNT SECURITY,SAFETY AND SECURITY,GOOGLE,GOOGLE,GOOGLE
AD INTERACTIONS,PRODUCT USE,ADVERTISING,ADVERTISING,GOOGLE,GOOGLE,GOOGLE
AD INTERACTIONS,PRODUCT USE,ANALYTICS,ANALYTICS,GOOGLE,GOOGLE,GOOGLE
AD INTERACTIONS,PRODUCT USE,COMPANY OPERATIONS,OPERATIONS,GOOGLE,GOOGLE,GOOGLE
AD INTERACTIONS,PRODUCT USE,IMPROVE PRODUCTS,ANALYTICS,GOOGLE,GOOGLE,GOOGLE
AD INTERACTIONS,PRODUCT USE,LEARN USERS' BEHAVIOR,ANALYTICS,GOOGLE,GOOGLE,GOOGLE
AD INTERACTIONS,PRODUCT USE,LEGAL COMPLIANCE,THIRD PARTY,GOOGLE,GOOGLE,GOOGLE
AD INTERACTIONS,PRODUCT USE,LOCATION-BASED SERVICES,OPERATIONS,GOOGLE,GOOGLE,GOOGLE
AD INTERACTIONS,PRODUCT USE,PERSONALIZE CONTENT,ANALYTICS,GOOGLE,GOOGLE,GOOGLE
AD INTERACTIONS,PRODUCT USE,PERSONALIZE PRODUCTS,ANALYTICS,GOOGLE,GOOGLE,GOOGLE
AD INTERACTIONS,PRODUCT USE,PRODUCT SAFETY,SAFETY AND SECURITY,GOOGLE,GOOGLE,GOOGLE
AD INTERACTIONS,PRODUCT USE,PROTECT COMPANY,SAFETY AND SECURITY,GOOGLE,GOOGLE,GOOGLE
AD INTERACTIONS,PRODUCT USE,PROVIDE SERVICES,OPERATIONS,GOOGLE,GOOGLE,GOOGLE
AD INTERACTIONS,PRODUCT USE,RESEARCH AND DEVELOPMENT,RESEARCH AND DEVELOPMENT,GOOGLE,GOOGLE,GOOGLE
AD INTERACTIONS,PRODUCT USE,SERVICES FOR EXTERNAL BUSINESSES,THIRD PARTY,GOOGLE,GOOGLE,GOOGLE
AD INTERACTIONS,PRODUCT USE,THIRD PARTY,THIRD PARTY,GOOGLE,GOOGLE,GOOGLE
APP INFORMATION,BEHAVIOR ON DEVICE,ACCOUNT SECURITY,SAFETY AND SECURITY,GOOGLE,GOOGLE,
APP INFORMATION,BEHAVIOR ON DEVICE,ADVERTISING,ADVERTISING,GOOGLE,GOOGLE,
APP INFORMATION,BEHAVIOR ON DEVICE,ANALYTICS,ANALYTICS,GOOGLE,GOOGLE,
APP INFORMATION,BEHAVIOR ON DEVICE,COMPANY OPERATIONS,OPERATIONS,GOOGLE,GOOGLE,
APP INFORMATION,BEHAVIOR ON DEVICE,IMPROVE PRODUCTS,ANALYTICS,GOOGLE,GOOGLE,
APP INFORMATION,BEHAVIOR ON DEVICE,LEARN USERS' BEHAVIOR,ANALYTICS,GOOGLE,GOOGLE,
APP INFORMATION,BEHAVIOR ON DEVICE,LEGAL COMPLIANCE,THIRD PARTY,GOOGLE,GOOGLE,
APP INFORMATION,BEHAVIOR ON DEVICE,LOCATION-BASED SERVICES,OPERATIONS,GOOGLE,GOOGLE,
APP INFORMATION,BEHAVIOR ON DEVICE,PERSONALIZE CONTENT,ANALYTICS,GOOGLE,GOOGLE,
APP INFORMATION,BEHAVIOR ON DEVICE,PERSONALIZE PRODUCTS,ANALYTICS,GOOGLE,GOOGLE,
APP INFORMATION,BEHAVIOR ON DEVICE,PRODUCT SAFETY,SAFETY AND SECURITY,GOOGLE,GOOGLE,
APP INFORMATION,BEHAVIOR ON DEVICE,PROTECT COMPANY,SAFETY AND SECURITY,GOOGLE,GOOGLE,
APP INFORMATION,BEHAVIOR ON DEVICE,PROVIDE SERVICES,OPERATIONS,GOOGLE,GOOGLE,
APP INFORMATION,BEHAVIOR ON DEVICE,RESEARCH AND DEVELOPMENT,RESEARCH AND DEVELOPMENT,GOOGLE,GOOGLE,
APP INFORMATION,BEHAVIOR ON DEVICE,SERVICES FOR EXTERNAL BUSINESSES,THIRD PARTY,GOOGLE,GOOGLE,
APP INFORMATION,BEHAVIOR ON DEVICE,THIRD PARTY,THIRD PARTY,GOOGLE,GOOGLE,
BEHAVIOR ON DEVICES,BEHAVIOR ON DEVICE,ACCOUNT SECURITY,SAFETY AND SECURITY,GOOGLE,GOOGLE,GOOGLE
BEHAVIOR ON DEVICES,BEHAVIOR ON DEVICE,ADVERTISING,ADVERTISING,GOOGLE,GOOGLE,GOOGLE
BEHAVIOR ON DEVICES,BEHAVIOR ON DEVICE,ANALYTICS,ANALYTICS,GOOGLE,GOOGLE,GOOGLE
BEHAVIOR ON DEVICES,BEHAVIOR ON DEVICE,COMPANY OPERATIONS,OPERATIONS,GOOGLE,GOOGLE,GOOGLE
BEHAVIOR ON DEVICES,BEHAVIOR ON DEVICE,IMPROVE PRODUCTS,ANALYTICS,GOOGLE,GOOGLE,GOOGLE
BEHAVIOR ON DEVICES,BEHAVIOR ON DEVICE,LEARN USERS' BEHAVIOR,ANALYTICS,GOOGLE,GOOGLE,GOOGLE
BEHAVIOR ON DEVICES,BEHAVIOR ON DEVICE,LEGAL COMPLIANCE,THIRD PARTY,GOOGLE,GOOGLE,GOOGLE
BEHAVIOR ON DEVICES,BEHAVIOR ON DEVICE,LOCATION-BASED SERVICES,OPERATIONS,GOOGLE,GOOGLE,GOOGLE
BEHAVIOR ON DEVICES,BEHAVIOR ON DEVICE,PERSONALIZE CONTENT,ANALYTICS,GOOGLE,GOOGLE,GOOGLE
BEHAVIOR ON DEVICES,BEHAVIOR ON DEVICE,PERSONALIZE PRODUCTS,ANALYTICS,GOOGLE,GOOGLE,GOOGLE
BEHAVIOR ON DEVICES,BEHAVIOR ON DEVICE,PRODUCT SAFETY,SAFETY AND SECURITY,GOOGLE,GOOGLE,GOOGLE
BEHAVIOR ON DEVICES,BEHAVIOR ON DEVICE,PROTECT COMPANY,SAFETY AND SECURITY,GOOGLE,GOOGLE,GOOGLE
BEHAVIOR ON DEVICES,BEHAVIOR ON DEVICE,PROVIDE SERVICES,OPERATIONS,GOOGLE,GOOGLE,GOOGLE
BEHAVIOR ON DEVICES,BEHAVIOR ON DEVICE,RESEARCH AND DEVELOPMENT,RESEARCH AND DEVELOPMENT,GOOGLE,GOOGLE,GOOGLE
BEHAVIOR ON DEVICES,BEHAVIOR ON DEVICE,SERVICES FOR EXTERNAL BUSINESSES,THIRD PARTY,GOOGLE,GOOGLE,GOOGLE
BEHAVIOR ON DEVICES,BEHAVIOR ON DEVICE,THIRD PARTY,THIRD PARTY,GOOGLE,GOOGLE,GOOGLE
BIOMETRICS,PERSONAL DATA,IMPROVE PRODUCTS,ANALYTICS,GOOGLE,,
BIOMETRICS,PERSONAL DATA,PROVIDE SERVICES,OPERATIONS,GOOGLE,,
BIOMETRICS,PERSONAL DATA,ACCOUNT SECURITY,SAFETY AND SECURITY,GOOGLE,,
BIOMETRICS,PERSONAL DATA,LEGAL COMPLIANCE,THIRD PARTY,GOOGLE,,
CALL/MESSAGE METADATA,BEHAVIOR ON DEVICE,ACCOUNT SECURITY,SAFETY AND SECURITY,GOOGLE,GOOGLE,
CALL/MESSAGE METADATA,BEHAVIOR ON DEVICE,ADVERTISING,ADVERTISING,GOOGLE,GOOGLE,
CALL/MESSAGE METADATA,BEHAVIOR ON DEVICE,ANALYTICS,ANALYTICS,GOOGLE,GOOGLE,
CALL/MESSAGE METADATA,BEHAVIOR ON DEVICE,COMPANY OPERATIONS,OPERATIONS,GOOGLE,GOOGLE,
CALL/MESSAGE METADATA,BEHAVIOR ON DEVICE,IMPROVE PRODUCTS,ANALYTICS,GOOGLE,GOOGLE,
CALL/MESSAGE METADATA,BEHAVIOR ON DEVICE,LEARN USERS' BEHAVIOR,ANALYTICS,GOOGLE,GOOGLE,
CALL/MESSAGE METADATA,BEHAVIOR ON DEVICE,LEGAL COMPLIANCE,THIRD PARTY,GOOGLE,GOOGLE,
CALL/MESSAGE METADATA,BEHAVIOR ON DEVICE,LOCATION-BASED SERVICES,OPERATIONS,GOOGLE,GOOGLE,
CALL/MESSAGE METADATA,BEHAVIOR ON DEVICE,PERSONALIZE CONTENT,ANALYTICS,GOOGLE,GOOGLE,
CALL/MESSAGE METADATA,BEHAVIOR ON DEVICE,PERSONALIZE PRODUCTS,ANALYTICS,GOOGLE,GOOGLE,
CALL/MESSAGE METADATA,BEHAVIOR ON DEVICE,PRODUCT SAFETY,SAFETY AND SECURITY,GOOGLE,GOOGLE,
CALL/MESSAGE METADATA,BEHAVIOR ON DEVICE,PROTECT COMPANY,SAFETY AND SECURITY,GOOGLE,GOOGLE,
CALL/MESSAGE METADATA,BEHAVIOR ON DEVICE,PROVIDE SERVICES,OPERATIONS,GOOGLE,GOOGLE,
CALL/MESSAGE METADATA,BEHAVIOR ON DEVICE,RESEARCH AND DEVELOPMENT,RESEARCH AND DEVELOPMENT,GOOGLE,GOOGLE,
CALL/MESSAGE METADATA,BEHAVIOR ON DEVICE,SERVICES FOR EXTERNAL BUSINESSES,THIRD PARTY,GOOGLE,GOOGLE,
CALL/MESSAGE METADATA,BEHAVIOR ON DEVICE,THIRD PARTY,THIRD PARTY,GOOGLE,GOOGLE,
CAMERA INFORMATION,DEVICE INFO,ACCOUNT SECURITY,SAFETY AND SECURITY,GOOGLE,GOOGLE,
CAMERA INFORMATION,DEVICE INFO,ANALYTICS,ANALYTICS,GOOGLE,GOOGLE,
CAMERA INFORMATION,DEVICE INFO,COMPANY OPERATIONS,OPERATIONS,GOOGLE,GOOGLE,
CAMERA INFORMATION,DEVICE INFO,IMPROVE PRODUCTS,ANALYTICS,GOOGLE,GOOGLE,
CAMERA INFORMATION,DEVICE INFO,LEARN USERS' BEHAVIOR,ANALYTICS,GOOGLE,GOOGLE,
CAMERA INFORMATION,DEVICE INFO,LEGAL COMPLIANCE,THIRD PARTY,GOOGLE,GOOGLE,
CAMERA INFORMATION,DEVICE INFO,LOCATION-BASED SERVICES,OPERATIONS,GOOGLE,GOOGLE,
CAMERA INFORMATION,DEVICE INFO,PERSONALIZE CONTENT,ANALYTICS,GOOGLE,GOOGLE,
CAMERA INFORMATION,DEVICE INFO,PERSONALIZE PRODUCTS,ANALYTICS,GOOGLE,GOOGLE,
CAMERA INFORMATION,DEVICE INFO,PRODUCT SAFETY,SAFETY AND SECURITY,GOOGLE,GOOGLE,
CAMERA INFORMATION,DEVICE INFO,PROTECT COMPANY,SAFETY AND SECURITY,GOOGLE,GOOGLE,
CAMERA INFORMATION,DEVICE INFO,PROVIDE SERVICES,OPERATIONS,GOOGLE,GOOGLE,
CAMERA INFORMATION,DEVICE INFO,RESEARCH AND DEVELOPMENT,RESEARCH AND DEVELOPMENT,GOOGLE,GOOGLE,
CAMERA INFORMATION,DEVICE INFO,SERVICES FOR EXTERNAL BUSINESSES,THIRD PARTY,GOOGLE,GOOGLE,
CAMERA INFORMATION,DEVICE INFO,THIRD PARTY,THIRD PARTY,GOOGLE,GOOGLE,
CONTACTS' INFORMATION,PERSONAL DATA,ADVERTISING,ADVERTISING,,GOOGLE,
CONTACTS' INFORMATION,PERSONAL DATA,ANALYTICS,ANALYTICS,GOOGLE,GOOGLE,
CONTACTS' INFORMATION,PERSONAL DATA,IMPROVE PRODUCTS,ANALYTICS,GOOGLE,GOOGLE,
CONTACTS' INFORMATION,PERSONAL DATA,LEARN USERS' BEHAVIOR,ANALYTICS,GOOGLE,GOOGLE,
CONTACTS' INFORMATION,PERSONAL DATA,PERSONALIZE CONTENT,ANALYTICS,GOOGLE,GOOGLE,
CONTACTS' INFORMATION,PERSONAL DATA,PERSONALIZE PRODUCTS,ANALYTICS,GOOGLE,GOOGLE,
CONTACTS' INFORMATION,PERSONAL DATA,COMPANY OPERATIONS,OPERATIONS,GOOGLE,GOOGLE,
CONTACTS' INFORMATION,PERSONAL DATA,LOCATION-BASED SERVICES,OPERATIONS,GOOGLE,GOOGLE,
CONTACTS' INFORMATION,PERSONAL DATA,PROVIDE SERVICES,OPERATIONS,GOOGLE,GOOGLE,
CONTACTS' INFORMATION,PERSONAL DATA,RESEARCH AND DEVELOPMENT,RESEARCH AND DEVELOPMENT,GOOGLE,GOOGLE,
CONTACTS' INFORMATION,PERSONAL DATA,ACCOUNT SECURITY,SAFETY AND SECURITY,GOOGLE,GOOGLE,
CONTACTS' INFORMATION,PERSONAL DATA,PRODUCT SAFETY,SAFETY AND SECURITY,GOOGLE,GOOGLE,
CONTACTS' INFORMATION,PERSONAL DATA,PROTECT COMPANY,SAFETY AND SECURITY,GOOGLE,GOOGLE,
CONTACTS' INFORMATION,PERSONAL DATA,LEGAL COMPLIANCE,THIRD PARTY,GOOGLE,GOOGLE,
CONTACTS' INFORMATION,PERSONAL DATA,SERVICES FOR EXTERNAL BUSINESSES,THIRD PARTY,GOOGLE,GOOGLE,
CONTACTS' INFORMATION,PERSONAL DATA,THIRD PARTY,THIRD PARTY,GOOGLE,GOOGLE,
CONTENT CREATED/UPLOADED,PRODUCT USE,ACCOUNT SECURITY,SAFETY AND SECURITY,GOOGLE,GOOGLE,
CONTENT CREATED/UPLOADED,PRODUCT USE,ADVERTISING,ADVERTISING,GOOGLE,GOOGLE,
CONTENT CREATED/UPLOADED,PRODUCT USE,ANALYTICS,ANALYTICS,GOOGLE,GOOGLE,
CONTENT CREATED/UPLOADED,PRODUCT USE,COMPANY OPERATIONS,OPERATIONS,GOOGLE,GOOGLE,
CONTENT CREATED/UPLOADED,PRODUCT USE,IMPROVE PRODUCTS,ANALYTICS,GOOGLE,GOOGLE,
CONTENT CREATED/UPLOADED,PRODUCT USE,LEARN USERS' BEHAVIOR,ANALYTICS,GOOGLE,GOOGLE,
CONTENT CREATED/UPLOADED,PRODUCT USE,LEGAL COMPLIANCE,THIRD PARTY,GOOGLE,GOOGLE,
CONTENT CREATED/UPLOADED,PRODUCT USE,LOCATION-BASED SERVICES,OPERATIONS,GOOGLE,GOOGLE,
CONTENT CREATED/UPLOADED,PRODUCT USE,PERSONALIZE CONTENT,ANALYTICS,GOOGLE,GOOGLE,
CONTENT CREATED/UPLOADED,PRODUCT USE,PERSONALIZE PRODUCTS,ANALYTICS,GOOGLE,GOOGLE,
CONTENT CREATED/UPLOADED,PRODUCT USE,PRODUCT SAFETY,SAFETY AND SECURITY,GOOGLE,GOOGLE,
CONTENT CREATED/UPLOADED,PRODUCT USE,PROTECT COMPANY,SAFETY AND SECURITY,GOOGLE,GOOGLE,
CONTENT CREATED/UPLOADED,PRODUCT USE,PROVIDE SERVICES,OPERATIONS,GOOGLE,GOOGLE,
CONTENT CREATED/UPLOADED,PRODUCT USE,RESEARCH AND DEVELOPMENT,RESEARCH AND DEVELOPMENT,GOOGLE,GOOGLE,
CONTENT CREATED/UPLOADED,PRODUCT USE,SERVICES FOR EXTERNAL BUSINESSES,THIRD PARTY,GOOGLE,GOOGLE,
CONTENT CREATED/UPLOADED,PRODUCT USE,THIRD PARTY,THIRD PARTY,GOOGLE,GOOGLE,
CREDIT HISTORY,PERSONAL DATA,ADVERTISING,ADVERTISING,GOOGLE,GOOGLE,
CREDIT HISTORY,PERSONAL DATA,ANALYTICS,ANALYTICS,GOOGLE,GOOGLE,
CREDIT HISTORY,PERSONAL DATA,IMPROVE PRODUCTS,ANALYTICS,,GOOGLE,
CREDIT HISTORY,PERSONAL DATA,PERSONALIZE CONTENT,ANALYTICS,GOOGLE,GOOGLE,
CREDIT HISTORY,PERSONAL DATA,PROVIDE SERVICES,OPERATIONS,GOOGLE,GOOGLE,
CREDIT HISTORY,PERSONAL DATA,RESEARCH AND DEVELOPMENT,RESEARCH AND DEVELOPMENT,GOOGLE,GOOGLE,
CREDIT HISTORY,PERSONAL DATA,ACCOUNT SECURITY,SAFETY AND SECURITY,GOOGLE,GOOGLE,
CREDIT HISTORY,PERSONAL DATA,PRODUCT SAFETY,SAFETY AND SECURITY,GOOGLE,GOOGLE,
CREDIT HISTORY,PERSONAL DATA,PROTECT COMPANY,SAFETY AND SECURITY,GOOGLE,GOOGLE,
CREDIT HISTORY,PERSONAL DATA,LEGAL COMPLIANCE,THIRD PARTY,GOOGLE,GOOGLE,
CREDIT HISTORY,PERSONAL DATA,SERVICES FOR EXTERNAL BUSINESSES,THIRD PARTY,GOOGLE,GOOGLE,
CURRENT LOCATION,LOCATION FROM DEVICE,ACCOUNT SECURITY,SAFETY AND SECURITY,GOOGLE,GOOGLE,GOOGLE
CURRENT LOCATION,LOCATION FROM DEVICE,ADVERTISING,ADVERTISING,GOOGLE,GOOGLE,GOOGLE
CURRENT LOCATION,LOCATION FROM DEVICE,ANALYTICS,ANALYTICS,GOOGLE,GOOGLE,GOOGLE
CURRENT LOCATION,LOCATION FROM DEVICE,COMPANY OPERATIONS,OPERATIONS,GOOGLE,GOOGLE,GOOGLE
CURRENT LOCATION,LOCATION FROM DEVICE,IMPROVE PRODUCTS,ANALYTICS,GOOGLE,GOOGLE,GOOGLE
CURRENT LOCATION,LOCATION FROM DEVICE,LEARN USERS' BEHAVIOR,ANALYTICS,GOOGLE,GOOGLE,GOOGLE
CURRENT LOCATION,LOCATION FROM DEVICE,LEGAL COMPLIANCE,THIRD PARTY,GOOGLE,GOOGLE,GOOGLE
CURRENT LOCATION,LOCATION FROM DEVICE,LOCATION-BASED SERVICES,OPERATIONS,GOOGLE,GOOGLE,GOOGLE
CURRENT LOCATION,LOCATION FROM DEVICE,PERSONALIZE CONTENT,ANALYTICS,GOOGLE,GOOGLE,GOOGLE
CURRENT LOCATION,LOCATION FROM DEVICE,PERSONALIZE PRODUCTS,ANALYTICS,GOOGLE,GOOGLE,GOOGLE
CURRENT LOCATION,LOCATION FROM DEVICE,PRODUCT SAFETY,SAFETY AND SECURITY,GOOGLE,GOOGLE,GOOGLE
CURRENT LOCATION,LOCATION FROM DEVICE,PROTECT COMPANY,SAFETY AND SECURITY,GOOGLE,GOOGLE,GOOGLE
CURRENT LOCATION,LOCATION FROM DEVICE,PROVIDE SERVICES,OPERATIONS,GOOGLE,GOOGLE,GOOGLE
CURRENT LOCATION,LOCATION FROM DEVICE,RESEARCH AND DEVELOPMENT,RESEARCH AND DEVELOPMENT,GOOGLE,GOOGLE,GOOGLE
CURRENT LOCATION,LOCATION FROM DEVICE,SERVICES FOR EXTERNAL BUSINESSES,THIRD PARTY,GOOGLE,GOOGLE,GOOGLE
CURRENT LOCATION,LOCATION FROM DEVICE,THIRD PARTY,THIRD PARTY,GOOGLE,GOOGLE,GOOGLE
CUSTOMER SERVICE COMMUNICATIONS,PRODUCT USE,ACCOUNT SECURITY,SAFETY AND SECURITY,GOOGLE,GOOGLE,GOOGLE
CUSTOMER SERVICE COMMUNICATIONS,PRODUCT USE,ADVERTISING,ADVERTISING,GOOGLE,GOOGLE,GOOGLE
CUSTOMER SERVICE COMMUNICATIONS,PRODUCT USE,ANALYTICS,ANALYTICS,GOOGLE,GOOGLE,GOOGLE
CUSTOMER SERVICE COMMUNICATIONS,PRODUCT USE,COMPANY OPERATIONS,OPERATIONS,GOOGLE,GOOGLE,GOOGLE
CUSTOMER SERVICE COMMUNICATIONS,PRODUCT USE,IMPROVE PRODUCTS,ANALYTICS,GOOGLE,GOOGLE,GOOGLE
CUSTOMER SERVICE COMMUNICATIONS,PRODUCT USE,LEARN USERS' BEHAVIOR,ANALYTICS,GOOGLE,GOOGLE,GOOGLE
CUSTOMER SERVICE COMMUNICATIONS,PRODUCT USE,LEGAL COMPLIANCE,THIRD PARTY,GOOGLE,GOOGLE,GOOGLE
CUSTOMER SERVICE COMMUNICATIONS,PRODUCT USE,LOCATION-BASED SERVICES,OPERATIONS,GOOGLE,GOOGLE,GOOGLE
CUSTOMER SERVICE COMMUNICATIONS,PRODUCT USE,PERSONALIZE CONTENT,ANALYTICS,GOOGLE,GOOGLE,GOOGLE
CUSTOMER SERVICE COMMUNICATIONS,PRODUCT USE,PERSONALIZE PRODUCTS,ANALYTICS,GOOGLE,GOOGLE,GOOGLE
CUSTOMER SERVICE COMMUNICATIONS,PRODUCT USE,PRODUCT SAFETY,SAFETY AND SECURITY,GOOGLE,GOOGLE,GOOGLE
CUSTOMER SERVICE COMMUNICATIONS,PRODUCT USE,PROTECT COMPANY,SAFETY AND SECURITY,GOOGLE,GOOGLE,GOOGLE
CUSTOMER SERVICE COMMUNICATIONS,PRODUCT USE,PROVIDE SERVICES,OPERATIONS,GOOGLE,GOOGLE,GOOGLE
CUSTOMER SERVICE COMMUNICATIONS,PRODUCT USE,RESEARCH AND DEVELOPMENT,RESEARCH AND DEVELOPMENT,GOOGLE,GOOGLE,GOOGLE
CUSTOMER SERVICE COMMUNICATIONS,PRODUCT USE,SERVICES FOR EXTERNAL BUSINESSES,THIRD PARTY,GOOGLE,GOOGLE,GOOGLE
DATE OF BIRTH,PERSONAL DATA,ADVERTISING,ADVERTISING,GOOGLE,GOOGLE,
DATE OF BIRTH,PERSONAL DATA,ANALYTICS,ANALYTICS,GOOGLE,GOOGLE,
DATE OF BIRTH,PERSONAL DATA,IMPROVE PRODUCTS,ANALYTICS,GOOGLE,GOOGLE,
DATE OF BIRTH,PERSONAL DATA,LEARN USERS' BEHAVIOR,ANALYTICS,GOOGLE,GOOGLE,
DATE OF BIRTH,PERSONAL DATA,PERSONALIZE CONTENT,ANALYTICS,GOOGLE,GOOGLE,
DATE OF BIRTH,PERSONAL DATA,PERSONALIZE PRODUCTS,ANALYTICS,GOOGLE,GOOGLE,
DATE OF BIRTH,PERSONAL DATA,COMPANY OPERATIONS,OPERATIONS,GOOGLE,GOOGLE,
DATE OF BIRTH,PERSONAL DATA,LOCATION-BASED SERVICES,OPERATIONS,,GOOGLE,
DATE OF BIRTH,PERSONAL DATA,PROVIDE SERVICES,OPERATIONS,GOOGLE,GOOGLE,
DATE OF BIRTH,PERSONAL DATA,RESEARCH AND DEVELOPMENT,RESEARCH AND DEVELOPMENT,GOOGLE,GOOGLE,
DATE OF BIRTH,PERSONAL DATA,ACCOUNT SECURITY,SAFETY AND SECURITY,GOOGLE,GOOGLE,
DATE OF BIRTH,PERSONAL DATA,PRODUCT SAFETY,SAFETY AND SECURITY,GOOGLE,GOOGLE,
DATE OF BIRTH,PERSONAL DATA,PROTECT COMPANY,SAFETY AND SECURITY,GOOGLE,GOOGLE,
DATE OF BIRTH,PERSONAL DATA,LEGAL COMPLIANCE,THIRD PARTY,GOOGLE,GOOGLE,
DATE OF BIRTH,PERSONAL DATA,SERVICES FOR EXTERNAL BUSINESSES,THIRD PARTY,GOOGLE,GOOGLE,
DATE OF BIRTH,PERSONAL DATA,THIRD PARTY,THIRD PARTY,GOOGLE,GOOGLE,
DEMOGRAPHICS,NON-PERSONAL DATA,ACCOUNT SECURITY,SAFETY AND SECURITY,GOOGLE,GOOGLE,GOOGLE
DEMOGRAPHICS,NON-PERSONAL DATA,ADVERTISING,ADVERTISING,GOOGLE,GOOGLE,GOOGLE
DEMOGRAPHICS,NON-PERSONAL DATA,ANALYTICS,ANALYTICS,GOOGLE,GOOGLE,GOOGLE
DEMOGRAPHICS,NON-PERSONAL DATA,COMPANY OPERATIONS,OPERATIONS,GOOGLE,GOOGLE,GOOGLE
DEMOGRAPHICS,NON-PERSONAL DATA,IMPROVE PRODUCTS,ANALYTICS,GOOGLE,GOOGLE,GOOGLE
DEMOGRAPHICS,NON-PERSONAL DATA,LEARN USERS' BEHAVIOR,ANALYTICS,GOOGLE,GOOGLE,GOOGLE
DEMOGRAPHICS,NON-PERSONAL DATA,LEGAL COMPLIANCE,THIRD PARTY,GOOGLE,GOOGLE,GOOGLE
DEMOGRAPHICS,NON-PERSONAL DATA,LOCATION-BASED SERVICES,OPERATIONS,,,GOOGLE
DEMOGRAPHICS,NON-PERSONAL DATA,PERSONALIZE CONTENT,ANALYTICS,GOOGLE,GOOGLE,GOOGLE
DEMOGRAPHICS,NON-PERSONAL DATA,PERSONALIZE PRODUCTS,ANALYTICS,GOOGLE,GOOGLE,GOOGLE
DEMOGRAPHICS,NON-PERSONAL DATA,PRODUCT SAFETY,SAFETY AND SECURITY,GOOGLE,GOOGLE,GOOGLE
DEMOGRAPHICS,NON-PERSONAL DATA,PROTECT COMPANY,SAFETY AND SECURITY,GOOGLE,GOOGLE,GOOGLE
DEMOGRAPHICS,NON-PERSONAL DATA,PROVIDE SERVICES,OPERATIONS,GOOGLE,GOOGLE,GOOGLE
DEMOGRAPHICS,NON-PERSONAL DATA,RESEARCH AND DEVELOPMENT,RESEARCH AND DEVELOPMENT,GOOGLE,GOOGLE,GOOGLE
DEMOGRAPHICS,NON-PERSONAL DATA,SERVICES FOR EXTERNAL BUSINESSES,THIRD PARTY,GOOGLE,GOOGLE,GOOGLE
DEMOGRAPHICS,NON-PERSONAL DATA,THIRD PARTY,THIRD PARTY,GOOGLE,GOOGLE,GOOGLE
DEVICE IDENTIFIERS,DEVICE INFO,ACCOUNT SECURITY,SAFETY AND SECURITY,GOOGLE,GOOGLE,GOOGLE
DEVICE IDENTIFIERS,DEVICE INFO,ADVERTISING,ADVERTISING,GOOGLE,GOOGLE,GOOGLE
DEVICE IDENTIFIERS,DEVICE INFO,ANALYTICS,ANALYTICS,GOOGLE,GOOGLE,GOOGLE
DEVICE IDENTIFIERS,DEVICE INFO,COMPANY OPERATIONS,OPERATIONS,GOOGLE,GOOGLE,GOOGLE
DEVICE IDENTIFIERS,DEVICE INFO,IMPROVE PRODUCTS,ANALYTICS,GOOGLE,GOOGLE,GOOGLE
DEVICE IDENTIFIERS,DEVICE INFO,LEARN USERS' BEHAVIOR,ANALYTICS,GOOGLE,GOOGLE,GOOGLE
DEVICE IDENTIFIERS,DEVICE INFO,LEGAL COMPLIANCE,THIRD PARTY,GOOGLE,GOOGLE,GOOGLE
DEVICE IDENTIFIERS,DEVICE INFO,LOCATION-BASED SERVICES,OPERATIONS,GOOGLE,GOOGLE,GOOGLE
DEVICE IDENTIFIERS,DEVICE INFO,PERSONALIZE CONTENT,ANALYTICS,GOOGLE,GOOGLE,GOOGLE
DEVICE IDENTIFIERS,DEVICE INFO,PERSONALIZE PRODUCTS,ANALYTICS,GOOGLE,GOOGLE,GOOGLE
DEVICE IDENTIFIERS,DEVICE INFO,PRODUCT SAFETY,SAFETY AND SECURITY,GOOGLE,GOOGLE,GOOGLE
DEVICE IDENTIFIERS,DEVICE INFO,PROTECT COMPANY,SAFETY AND SECURITY,GOOGLE,GOOGLE,GOOGLE
DEVICE IDENTIFIERS,DEVICE INFO,PROVIDE SERVICES,OPERATIONS,GOOGLE,GOOGLE,GOOGLE
DEVICE IDENTIFIERS,DEVICE INFO,RESEARCH AND DEVELOPMENT,RESEARCH AND DEVELOPMENT,GOOGLE,GOOGLE,GOOGLE
DEVICE IDENTIFIERS,DEVICE INFO,SERVICES FOR EXTERNAL BUSINESSES,THIRD PARTY,GOOGLE,GOOGLE,GOOGLE
DEVICE IDENTIFIERS,DEVICE INFO,THIRD PARTY,THIRD PARTY,GOOGLE,GOOGLE,GOOGLE
DEVICE INFORMATION,DEVICE INFO,ACCOUNT SECURITY,SAFETY AND SECURITY,GOOGLE,GOOGLE,GOOGLE
DEVICE INFORMATION,DEVICE INFO,ADVERTISING,ADVERTISING,GOOGLE,GOOGLE,GOOGLE
DEVICE INFORMATION,DEVICE INFO,ANALYTICS,ANALYTICS,GOOGLE,GOOGLE,GOOGLE
DEVICE INFORMATION,DEVICE INFO,COMPANY OPERATIONS,OPERATIONS,GOOGLE,GOOGLE,GOOGLE
DEVICE INFORMATION,DEVICE INFO,IMPROVE PRODUCTS,ANALYTICS,GOOGLE,GOOGLE,GOOGLE
DEVICE INFORMATION,DEVICE INFO,LEARN USERS' BEHAVIOR,ANALYTICS,GOOGLE,GOOGLE,GOOGLE
DEVICE INFORMATION,DEVICE INFO,LEGAL COMPLIANCE,THIRD PARTY,GOOGLE,GOOGLE,GOOGLE
DEVICE INFORMATION,DEVICE INFO,LOCATION-BASED SERVICES,OPERATIONS,GOOGLE,GOOGLE,GOOGLE
DEVICE INFORMATION,DEVICE INFO,PERSONALIZE CONTENT,ANALYTICS,GOOGLE,GOOGLE,GOOGLE
DEVICE INFORMATION,DEVICE INFO,PERSONALIZE PRODUCTS,ANALYTICS,GOOGLE,GOOGLE,GOOGLE
DEVICE INFORMATION,DEVICE INFO,PRODUCT SAFETY,SAFETY AND SECURITY,GOOGLE,GOOGLE,GOOGLE
DEVICE INFORMATION,DEVICE INFO,PROTECT COMPANY,SAFETY AND SECURITY,GOOGLE,GOOGLE,GOOGLE
DEVICE INFORMATION,DEVICE INFO,PROVIDE SERVICES,OPERATIONS,GOOGLE,GOOGLE,GOOGLE
DEVICE INFORMATION,DEVICE INFO,RESEARCH AND DEVELOPMENT,RESEARCH AND DEVELOPMENT,GOOGLE,GOOGLE,GOOGLE
DEVICE INFORMATION,DEVICE INFO,SERVICES FOR EXTERNAL BUSINESSES,THIRD PARTY,GOOGLE,GOOGLE,GOOGLE
DEVICE INFORMATION,DEVICE INFO,THIRD PARTY,THIRD PARTY,GOOGLE,GOOGLE,GOOGLE
DEVICE SETTINGS,DEVICE INFO,ACCOUNT SECURITY,SAFETY AND SECURITY,GOOGLE,GOOGLE,GOOGLE
DEVICE SETTINGS,DEVICE INFO,ADVERTISING,ADVERTISING,GOOGLE,GOOGLE,GOOGLE
DEVICE SETTINGS,DEVICE INFO,ANALYTICS,ANALYTICS,GOOGLE,GOOGLE,GOOGLE
DEVICE SETTINGS,DEVICE INFO,COMPANY OPERATIONS,OPERATIONS,GOOGLE,GOOGLE,GOOGLE
DEVICE SETTINGS,DEVICE INFO,IMPROVE PRODUCTS,ANALYTICS,GOOGLE,GOOGLE,GOOGLE
DEVICE SETTINGS,DEVICE INFO,LEARN USERS' BEHAVIOR,ANALYTICS,GOOGLE,GOOGLE,GOOGLE
DEVICE SETTINGS,DEVICE INFO,LEGAL COMPLIANCE,THIRD PARTY,GOOGLE,GOOGLE,GOOGLE
DEVICE SETTINGS,DEVICE INFO,LOCATION-BASED SERVICES,OPERATIONS,GOOGLE,GOOGLE,GOOGLE
DEVICE SETTINGS,DEVICE INFO,PERSONALIZE CONTENT,ANALYTICS,GOOGLE,GOOGLE,GOOGLE
DEVICE SETTINGS,DEVICE INFO,PERSONALIZE PRODUCTS,ANALYTICS,GOOGLE,GOOGLE,GOOGLE
DEVICE SETTINGS,DEVICE INFO,PRODUCT SAFETY,SAFETY AND SECURITY,GOOGLE,GOOGLE,GOOGLE
DEVICE SETTINGS,DEVICE INFO,PROTECT COMPANY,SAFETY AND SECURITY,GOOGLE,GOOGLE,GOOGLE
DEVICE SETTINGS,DEVICE INFO,PROVIDE SERVICES,OPERATIONS,GOOGLE,GOOGLE,GOOGLE
DEVICE SETTINGS,DEVICE INFO,RESEARCH AND DEVELOPMENT,RESEARCH AND DEVELOPMENT,GOOGLE,GOOGLE,GOOGLE
DEVICE SETTINGS,DEVICE INFO,SERVICES FOR EXTERNAL BUSINESSES,THIRD PARTY,GOOGLE,GOOGLE,GOOGLE
DEVICE SETTINGS,DEVICE INFO,THIRD PARTY,THIRD PARTY,GOOGLE,GOOGLE,GOOGLE
DEVICE SIGNALS,DEVICE SIGNALS,ACCOUNT SECURITY,SAFETY AND SECURITY,GOOGLE,GOOGLE,GOOGLE
DEVICE SIGNALS,DEVICE SIGNALS,ADVERTISING,ADVERTISING,GOOGLE,GOOGLE,GOOGLE
DEVICE SIGNALS,DEVICE SIGNALS,ANALYTICS,ANALYTICS,GOOGLE,GOOGLE,GOOGLE
DEVICE SIGNALS,DEVICE SIGNALS,COMPANY OPERATIONS,OPERATIONS,GOOGLE,GOOGLE,GOOGLE
DEVICE SIGNALS,DEVICE SIGNALS,IMPROVE PRODUCTS,ANALYTICS,GOOGLE,GOOGLE,GOOGLE
DEVICE SIGNALS,DEVICE SIGNALS,LEARN USERS' BEHAVIOR,ANALYTICS,GOOGLE,GOOGLE,GOOGLE
DEVICE SIGNALS,DEVICE SIGNALS,LEGAL COMPLIANCE,THIRD PARTY,GOOGLE,GOOGLE,GOOGLE
DEVICE SIGNALS,DEVICE SIGNALS,LOCATION-BASED SERVICES,OPERATIONS,GOOGLE,GOOGLE,GOOGLE
DEVICE SIGNALS,DEVICE SIGNALS,PERSONALIZE CONTENT,ANALYTICS,GOOGLE,GOOGLE,GOOGLE
DEVICE SIGNALS,DEVICE SIGNALS,PERSONALIZE PRODUCTS,ANALYTICS,GOOGLE,GOOGLE,GOOGLE
DEVICE SIGNALS,DEVICE SIGNALS,PRODUCT SAFETY,SAFETY AND SECURITY,GOOGLE,GOOGLE,GOOGLE
DEVICE SIGNALS,DEVICE SIGNALS,PROTECT COMPANY,SAFETY AND SECURITY,GOOGLE,GOOGLE,GOOGLE
DEVICE SIGNALS,DEVICE SIGNALS,PROVIDE SERVICES,OPERATIONS,GOOGLE,GOOGLE,GOOGLE
DEVICE SIGNALS,DEVICE SIGNALS,RESEARCH AND DEVELOPMENT,RESEARCH AND DEVELOPMENT,GOOGLE,GOOGLE,GOOGLE
DEVICE SIGNALS,DEVICE SIGNALS,SERVICES FOR EXTERNAL BUSINESSES,THIRD PARTY,GOOGLE,GOOGLE,GOOGLE
DEVICE SIGNALS,DEVICE SIGNALS,THIRD PARTY,THIRD PARTY,GOOGLE,GOOGLE,GOOGLE
DRIVER'S LICENSE NUMBER,PERSONAL DATA,COMPANY OPERATIONS,OPERATIONS,GOOGLE,,
DRIVER'S LICENSE NUMBER,PERSONAL DATA,PROVIDE SERVICES,OPERATIONS,GOOGLE,,
DRIVER'S LICENSE NUMBER,PERSONAL DATA,RESEARCH AND DEVELOPMENT,RESEARCH AND DEVELOPMENT,GOOGLE,,
DRIVER'S LICENSE NUMBER,PERSONAL DATA,ACCOUNT SECURITY,SAFETY AND SECURITY,GOOGLE,,
DRIVER'S LICENSE NUMBER,PERSONAL DATA,PRODUCT SAFETY,SAFETY AND SECURITY,GOOGLE,,
DRIVER'S LICENSE NUMBER,PERSONAL DATA,PROTECT COMPANY,SAFETY AND SECURITY,GOOGLE,,
DRIVER'S LICENSE NUMBER,PERSONAL DATA,LEGAL COMPLIANCE,THIRD PARTY,GOOGLE,,
DRIVER'S LICENSE NUMBER,PERSONAL DATA,SERVICES FOR EXTERNAL BUSINESSES,THIRD PARTY,GOOGLE,,
DRIVER'S LICENSE NUMBER,PERSONAL DATA,THIRD PARTY,THIRD PARTY,GOOGLE,,
FAMILY MEMBERS' INFORMATION,PERSONAL DATA,ADVERTISING,ADVERTISING,,GOOGLE,GOOGLE
FAMILY MEMBERS' INFORMATION,PERSONAL DATA,ANALYTICS,ANALYTICS,,GOOGLE,GOOGLE
FAMILY MEMBERS' INFORMATION,PERSONAL DATA,IMPROVE PRODUCTS,ANALYTICS,,GOOGLE,GOOGLE
FAMILY MEMBERS' INFORMATION,PERSONAL DATA,LEARN USERS' BEHAVIOR,ANALYTICS,,GOOGLE,GOOGLE
FAMILY MEMBERS' INFORMATION,PERSONAL DATA,PERSONALIZE CONTENT,ANALYTICS,,GOOGLE,GOOGLE
FAMILY MEMBERS' INFORMATION,PERSONAL DATA,PERSONALIZE PRODUCTS,ANALYTICS,,GOOGLE,GOOGLE
FAMILY MEMBERS' INFORMATION,PERSONAL DATA,COMPANY OPERATIONS,OPERATIONS,,GOOGLE,GOOGLE
FAMILY MEMBERS' INFORMATION,PERSONAL DATA,LOCATION-BASED SERVICES,OPERATIONS,GOOGLE,GOOGLE,GOOGLE
FAMILY MEMBERS' INFORMATION,PERSONAL DATA,PROVIDE SERVICES,OPERATIONS,GOOGLE,GOOGLE,GOOGLE
FAMILY MEMBERS' INFORMATION,PERSONAL DATA,RESEARCH AND DEVELOPMENT,RESEARCH AND DEVELOPMENT,GOOGLE,GOOGLE,GOOGLE
FAMILY MEMBERS' INFORMATION,PERSONAL DATA,ACCOUNT SECURITY,SAFETY AND SECURITY,,GOOGLE,GOOGLE
FAMILY MEMBERS' INFORMATION,PERSONAL DATA,PRODUCT SAFETY,SAFETY AND SECURITY,,GOOGLE,GOOGLE
FAMILY MEMBERS' INFORMATION,PERSONAL DATA,PROTECT COMPANY,SAFETY AND SECURITY,,GOOGLE,GOOGLE
FAMILY MEMBERS' INFORMATION,PERSONAL DATA,LEGAL COMPLIANCE,THIRD PARTY,GOOGLE,GOOGLE,GOOGLE
FAMILY MEMBERS' INFORMATION,PERSONAL DATA,SERVICES FOR EXTERNAL BUSINESSES,THIRD PARTY,GOOGLE,GOOGLE,GOOGLE
FEATURES USE,PRODUCT USE,ACCOUNT SECURITY,SAFETY AND SECURITY,GOOGLE,GOOGLE,
FEATURES USE,PRODUCT USE,ADVERTISING,ADVERTISING,GOOGLE,GOOGLE,
FEATURES USE,PRODUCT USE,ANALYTICS,ANALYTICS,GOOGLE,GOOGLE,
FEATURES USE,PRODUCT USE,COMPANY OPERATIONS,OPERATIONS,GOOGLE,GOOGLE,
FEATURES USE,PRODUCT USE,IMPROVE PRODUCTS,ANALYTICS,GOOGLE,GOOGLE,
FEATURES USE,PRODUCT USE,LEARN USERS' BEHAVIOR,ANALYTICS,GOOGLE,GOOGLE,
FEATURES USE,PRODUCT USE,LEGAL COMPLIANCE,THIRD PARTY,GOOGLE,GOOGLE,
FEATURES USE,PRODUCT USE,LOCATION-BASED SERVICES,OPERATIONS,GOOGLE,GOOGLE,
FEATURES USE,PRODUCT USE,PERSONALIZE CONTENT,ANALYTICS,GOOGLE,GOOGLE,
FEATURES USE,PRODUCT USE,PERSONALIZE PRODUCTS,ANALYTICS,GOOGLE,GOOGLE,
FEATURES USE,PRODUCT USE,PRODUCT SAFETY,SAFETY AND SECURITY,GOOGLE,GOOGLE,
FEATURES USE,PRODUCT USE,PROTECT COMPANY,SAFETY AND SECURITY,GOOGLE,GOOGLE,
FEATURES USE,PRODUCT USE,PROVIDE SERVICES,OPERATIONS,GOOGLE,GOOGLE,
FEATURES USE,PRODUCT USE,RESEARCH AND DEVELOPMENT,RESEARCH AND DEVELOPMENT,GOOGLE,GOOGLE,
FEATURES USE,PRODUCT USE,SERVICES FOR EXTERNAL BUSINESSES,THIRD PARTY,GOOGLE,GOOGLE,
FEATURES USE,PRODUCT USE,THIRD PARTY,THIRD PARTY,GOOGLE,GOOGLE,
FILE INFORMATION,DEVICE INFO,ACCOUNT SECURITY,SAFETY AND SECURITY,GOOGLE,GOOGLE,
FILE INFORMATION,DEVICE INFO,ADVERTISING,ADVERTISING,,GOOGLE,
FILE INFORMATION,DEVICE INFO,ANALYTICS,ANALYTICS,GOOGLE,GOOGLE,
FILE INFORMATION,DEVICE INFO,COMPANY OPERATIONS,OPERATIONS,GOOGLE,GOOGLE,
FILE INFORMATION,DEVICE INFO,IMPROVE PRODUCTS,ANALYTICS,GOOGLE,GOOGLE,
FILE INFORMATION,DEVICE INFO,LEARN USERS' BEHAVIOR,ANALYTICS,GOOGLE,GOOGLE,
FILE INFORMATION,DEVICE INFO,LEGAL COMPLIANCE,THIRD PARTY,GOOGLE,GOOGLE,
FILE INFORMATION,DEVICE INFO,LOCATION-BASED SERVICES,OPERATIONS,,GOOGLE,
FILE INFORMATION,DEVICE INFO,PERSONALIZE CONTENT,ANALYTICS,GOOGLE,GOOGLE,
FILE INFORMATION,DEVICE INFO,PERSONALIZE PRODUCTS,ANALYTICS,GOOGLE,GOOGLE,
FILE INFORMATION,DEVICE INFO,PRODUCT SAFETY,SAFETY AND SECURITY,GOOGLE,GOOGLE,
FILE INFORMATION,DEVICE INFO,PROTECT COMPANY,SAFETY AND SECURITY,GOOGLE,GOOGLE,
FILE INFORMATION,DEVICE INFO,PROVIDE SERVICES,OPERATIONS,GOOGLE,GOOGLE,
FILE INFORMATION,DEVICE INFO,RESEARCH AND DEVELOPMENT,RESEARCH AND DEVELOPMENT,GOOGLE,GOOGLE,
FILE INFORMATION,DEVICE INFO,SERVICES FOR EXTERNAL BUSINESSES,THIRD PARTY,GOOGLE,GOOGLE,
IP ADDRESS,DEVICE INFO,ACCOUNT SECURITY,SAFETY AND SECURITY,GOOGLE,GOOGLE,GOOGLE
IP ADDRESS,DEVICE INFO,ADVERTISING,ADVERTISING,GOOGLE,GOOGLE,GOOGLE
IP ADDRESS,DEVICE INFO,ANALYTICS,ANALYTICS,GOOGLE,GOOGLE,GOOGLE
IP ADDRESS,DEVICE INFO,COMPANY OPERATIONS,OPERATIONS,GOOGLE,GOOGLE,GOOGLE
IP ADDRESS,DEVICE INFO,IMPROVE PRODUCTS,ANALYTICS,GOOGLE,GOOGLE,GOOGLE
IP ADDRESS,DEVICE INFO,LEARN USERS' BEHAVIOR,ANALYTICS,GOOGLE,GOOGLE,GOOGLE
IP ADDRESS,DEVICE INFO,LEGAL COMPLIANCE,THIRD PARTY,GOOGLE,GOOGLE,GOOGLE
IP ADDRESS,DEVICE INFO,LOCATION-BASED SERVICES,OPERATIONS,GOOGLE,GOOGLE,GOOGLE
IP ADDRESS,DEVICE INFO,PERSONALIZE CONTENT,ANALYTICS,GOOGLE,GOOGLE,GOOGLE
IP ADDRESS,DEVICE INFO,PERSONALIZE PRODUCTS,ANALYTICS,GOOGLE,GOOGLE,GOOGLE
IP ADDRESS,DEVICE INFO,PRODUCT SAFETY,SAFETY AND SECURITY,GOOGLE,GOOGLE,GOOGLE
IP ADDRESS,DEVICE INFO,PROVIDE SERVICES,OPERATIONS,GOOGLE,GOOGLE,GOOGLE
IP ADDRESS,DEVICE INFO,RESEARCH AND DEVELOPMENT,RESEARCH AND DEVELOPMENT,GOOGLE,GOOGLE,GOOGLE
IP ADDRESS,DEVICE INFO,SERVICES FOR EXTERNAL BUSINESSES,THIRD PARTY,GOOGLE,GOOGLE,GOOGLE
IP ADDRESS,DEVICE INFO,THIRD PARTY,THIRD PARTY,GOOGLE,GOOGLE,GOOGLE
LOCATION HISTORY,LOCATION FROM DEVICE,ACCOUNT SECURITY,SAFETY AND SECURITY,GOOGLE,GOOGLE,GOOGLE
LOCATION HISTORY,LOCATION FROM DEVICE,ADVERTISING,ADVERTISING,GOOGLE,GOOGLE,GOOGLE
LOCATION HISTORY,LOCATION FROM DEVICE,ANALYTICS,ANALYTICS,GOOGLE,GOOGLE,GOOGLE
LOCATION HISTORY,LOCATION FROM DEVICE,COMPANY OPERATIONS,OPERATIONS,GOOGLE,GOOGLE,GOOGLE
LOCATION HISTORY,LOCATION FROM DEVICE,IMPROVE PRODUCTS,ANALYTICS,GOOGLE,GOOGLE,GOOGLE
LOCATION HISTORY,LOCATION FROM DEVICE,LEARN USERS' BEHAVIOR,ANALYTICS,GOOGLE,GOOGLE,GOOGLE
LOCATION HISTORY,LOCATION FROM DEVICE,LEGAL COMPLIANCE,THIRD PARTY,GOOGLE,GOOGLE,GOOGLE
LOCATION HISTORY,LOCATION FROM DEVICE,LOCATION-BASED SERVICES,OPERATIONS,GOOGLE,GOOGLE,GOOGLE
LOCATION HISTORY,LOCATION FROM DEVICE,PERSONALIZE CONTENT,ANALYTICS,GOOGLE,GOOGLE,GOOGLE
LOCATION HISTORY,LOCATION FROM DEVICE,PERSONALIZE PRODUCTS,ANALYTICS,GOOGLE,GOOGLE,GOOGLE
LOCATION HISTORY,LOCATION FROM DEVICE,PRODUCT SAFETY,SAFETY AND SECURITY,GOOGLE,GOOGLE,GOOGLE
LOCATION HISTORY,LOCATION FROM DEVICE,PROTECT COMPANY,SAFETY AND SECURITY,GOOGLE,GOOGLE,GOOGLE
LOCATION HISTORY,LOCATION FROM DEVICE,PROVIDE SERVICES,OPERATIONS,GOOGLE,GOOGLE,GOOGLE
LOCATION HISTORY,LOCATION FROM DEVICE,RESEARCH AND DEVELOPMENT,RESEARCH AND DEVELOPMENT,GOOGLE,GOOGLE,GOOGLE
LOCATION HISTORY,LOCATION FROM DEVICE,SERVICES FOR EXTERNAL BUSINESSES,THIRD PARTY,GOOGLE,GOOGLE,GOOGLE
LOCATION HISTORY,LOCATION FROM DEVICE,THIRD PARTY,THIRD PARTY,GOOGLE,GOOGLE,GOOGLE
LOGIN INFORMATION,PERSONAL DATA,ADVERTISING,ADVERTISING,GOOGLE,GOOGLE,GOOGLE
LOGIN INFORMATION,PERSONAL DATA,ANALYTICS,ANALYTICS,GOOGLE,GOOGLE,GOOGLE
LOGIN INFORMATION,PERSONAL DATA,IMPROVE PRODUCTS,ANALYTICS,GOOGLE,GOOGLE,GOOGLE
LOGIN INFORMATION,PERSONAL DATA,LEARN USERS' BEHAVIOR,ANALYTICS,GOOGLE,GOOGLE,GOOGLE
LOGIN INFORMATION,PERSONAL DATA,PERSONALIZE CONTENT,ANALYTICS,GOOGLE,GOOGLE,GOOGLE
LOGIN INFORMATION,PERSONAL DATA,PERSONALIZE PRODUCTS,ANALYTICS,GOOGLE,GOOGLE,GOOGLE
LOGIN INFORMATION,PERSONAL DATA,COMPANY OPERATIONS,OPERATIONS,GOOGLE,GOOGLE,GOOGLE
LOGIN INFORMATION,PERSONAL DATA,LOCATION-BASED SERVICES,OPERATIONS,GOOGLE,GOOGLE,GOOGLE
LOGIN INFORMATION,PERSONAL DATA,PROVIDE SERVICES,OPERATIONS,GOOGLE,GOOGLE,GOOGLE
LOGIN INFORMATION,PERSONAL DATA,RESEARCH AND DEVELOPMENT,RESEARCH AND DEVELOPMENT,GOOGLE,GOOGLE,GOOGLE
LOGIN INFORMATION,PERSONAL DATA,ACCOUNT SECURITY,SAFETY AND SECURITY,GOOGLE,GOOGLE,GOOGLE
LOGIN INFORMATION,PERSONAL DATA,PRODUCT SAFETY,SAFETY AND SECURITY,GOOGLE,GOOGLE,GOOGLE
LOGIN INFORMATION,PERSONAL DATA,PROTECT COMPANY,SAFETY AND SECURITY,GOOGLE,GOOGLE,GOOGLE
LOGIN INFORMATION,PERSONAL DATA,LEGAL COMPLIANCE,THIRD PARTY,GOOGLE,GOOGLE,GOOGLE
LOGIN INFORMATION,PERSONAL DATA,SERVICES FOR EXTERNAL BUSINESSES,THIRD PARTY,GOOGLE,GOOGLE,GOOGLE
NAME,PERSONAL DATA,ADVERTISING,ADVERTISING,GOOGLE,GOOGLE,GOOGLE
NAME,PERSONAL DATA,ANALYTICS,ANALYTICS,GOOGLE,GOOGLE,GOOGLE
NAME,PERSONAL DATA,IMPROVE PRODUCTS,ANALYTICS,GOOGLE,GOOGLE,GOOGLE
NAME,PERSONAL DATA,LEARN USERS' BEHAVIOR,ANALYTICS,GOOGLE,GOOGLE,GOOGLE
NAME,PERSONAL DATA,PERSONALIZE CONTENT,ANALYTICS,GOOGLE,GOOGLE,GOOGLE
NAME,PERSONAL DATA,PERSONALIZE PRODUCTS,ANALYTICS,GOOGLE,GOOGLE,GOOGLE
NAME,PERSONAL DATA,COMPANY OPERATIONS,OPERATIONS,GOOGLE,GOOGLE,GOOGLE
NAME,PERSONAL DATA,LOCATION-BASED SERVICES,OPERATIONS,,GOOGLE,GOOGLE
NAME,PERSONAL DATA,PROVIDE SERVICES,OPERATIONS,GOOGLE,GOOGLE,GOOGLE
NAME,PERSONAL DATA,RESEARCH AND DEVELOPMENT,RESEARCH AND DEVELOPMENT,GOOGLE,GOOGLE,GOOGLE
NAME,PERSONAL DATA,ACCOUNT SECURITY,SAFETY AND SECURITY,GOOGLE,GOOGLE,GOOGLE
NAME,PERSONAL DATA,PRODUCT SAFETY,SAFETY AND SECURITY,GOOGLE,GOOGLE,GOOGLE
NAME,PERSONAL DATA,PROTECT COMPANY,SAFETY AND SECURITY,GOOGLE,GOOGLE,GOOGLE
NAME,PERSONAL DATA,LEGAL COMPLIANCE,THIRD PARTY,GOOGLE,GOOGLE,GOOGLE
NAME,PERSONAL DATA,SERVICES FOR EXTERNAL BUSINESSES,THIRD PARTY,GOOGLE,GOOGLE,GOOGLE
NAME,PERSONAL DATA,THIRD PARTY,THIRD PARTY,GOOGLE,GOOGLE,GOOGLE
NEARBY LOCATIONS AND PEOPLE,LOCATION FROM DEVICE,ACCOUNT SECURITY,SAFETY AND SECURITY,GOOGLE,GOOGLE,GOOGLE
NEARBY LOCATIONS AND PEOPLE,LOCATION FROM DEVICE,ADVERTISING,ADVERTISING,GOOGLE,GOOGLE,GOOGLE
NEARBY LOCATIONS AND PEOPLE,LOCATION FROM DEVICE,ANALYTICS,ANALYTICS,GOOGLE,GOOGLE,GOOGLE
NEARBY LOCATIONS AND PEOPLE,LOCATION FROM DEVICE,COMPANY OPERATIONS,OPERATIONS,GOOGLE,GOOGLE,GOOGLE
NEARBY LOCATIONS AND PEOPLE,LOCATION FROM DEVICE,IMPROVE PRODUCTS,ANALYTICS,GOOGLE,GOOGLE,GOOGLE
NEARBY LOCATIONS AND PEOPLE,LOCATION FROM DEVICE,LEARN USERS' BEHAVIOR,ANALYTICS,GOOGLE,GOOGLE,GOOGLE
NEARBY LOCATIONS AND PEOPLE,LOCATION FROM DEVICE,LEGAL COMPLIANCE,THIRD PARTY,GOOGLE,GOOGLE,GOOGLE
NEARBY LOCATIONS AND PEOPLE,LOCATION FROM DEVICE,LOCATION-BASED SERVICES,OPERATIONS,GOOGLE,GOOGLE,GOOGLE
NEARBY LOCATIONS AND PEOPLE,LOCATION FROM DEVICE,PERSONALIZE CONTENT,ANALYTICS,GOOGLE,GOOGLE,GOOGLE
NEARBY LOCATIONS AND PEOPLE,LOCATION FROM DEVICE,PERSONALIZE PRODUCTS,ANALYTICS,GOOGLE,GOOGLE,GOOGLE
NEARBY LOCATIONS AND PEOPLE,LOCATION FROM DEVICE,PRODUCT SAFETY,SAFETY AND SECURITY,GOOGLE,GOOGLE,GOOGLE
NEARBY LOCATIONS AND PEOPLE,LOCATION FROM DEVICE,PROTECT COMPANY,SAFETY AND SECURITY,GOOGLE,GOOGLE,GOOGLE
NEARBY LOCATIONS AND PEOPLE,LOCATION FROM DEVICE,PROVIDE SERVICES,OPERATIONS,GOOGLE,GOOGLE,GOOGLE
NEARBY LOCATIONS AND PEOPLE,LOCATION FROM DEVICE,RESEARCH AND DEVELOPMENT,RESEARCH AND DEVELOPMENT,GOOGLE,GOOGLE,GOOGLE
NEARBY LOCATIONS AND PEOPLE,LOCATION FROM DEVICE,SERVICES FOR EXTERNAL BUSINESSES,THIRD PARTY,GOOGLE,GOOGLE,GOOGLE
NEARBY LOCATIONS AND PEOPLE,LOCATION FROM DEVICE,THIRD PARTY,THIRD PARTY,GOOGLE,GOOGLE,GOOGLE
NETWORK INFORMATION,DEVICE INFO,ACCOUNT SECURITY,SAFETY AND SECURITY,GOOGLE,GOOGLE,GOOGLE
NETWORK INFORMATION,DEVICE INFO,ADVERTISING,ADVERTISING,GOOGLE,GOOGLE,GOOGLE
NETWORK INFORMATION,DEVICE INFO,ANALYTICS,ANALYTICS,GOOGLE,GOOGLE,GOOGLE
NETWORK INFORMATION,DEVICE INFO,COMPANY OPERATIONS,OPERATIONS,GOOGLE,GOOGLE,GOOGLE
NETWORK INFORMATION,DEVICE INFO,IMPROVE PRODUCTS,ANALYTICS,GOOGLE,GOOGLE,GOOGLE
NETWORK INFORMATION,DEVICE INFO,LEARN USERS' BEHAVIOR,ANALYTICS,GOOGLE,GOOGLE,GOOGLE
NETWORK INFORMATION,DEVICE INFO,LEGAL COMPLIANCE,THIRD PARTY,GOOGLE,GOOGLE,GOOGLE
NETWORK INFORMATION,DEVICE INFO,LOCATION-BASED SERVICES,OPERATIONS,GOOGLE,GOOGLE,GOOGLE
NETWORK INFORMATION,DEVICE INFO,PERSONALIZE CONTENT,ANALYTICS,GOOGLE,GOOGLE,GOOGLE
NETWORK INFORMATION,DEVICE INFO,PERSONALIZE PRODUCTS,ANALYTICS,GOOGLE,GOOGLE,GOOGLE
NETWORK INFORMATION,DEVICE INFO,PRODUCT SAFETY,SAFETY AND SECURITY,GOOGLE,GOOGLE,GOOGLE
NETWORK INFORMATION,DEVICE INFO,PROTECT COMPANY,SAFETY AND SECURITY,GOOGLE,GOOGLE,GOOGLE
NETWORK INFORMATION,DEVICE INFO,PROVIDE SERVICES,OPERATIONS,GOOGLE,GOOGLE,GOOGLE
NETWORK INFORMATION,DEVICE INFO,RESEARCH AND DEVELOPMENT,RESEARCH AND DEVELOPMENT,GOOGLE,GOOGLE,GOOGLE
NETWORK INFORMATION,DEVICE INFO,SERVICES FOR EXTERNAL BUSINESSES,THIRD PARTY,GOOGLE,GOOGLE,GOOGLE
NETWORK INFORMATION,DEVICE INFO,THIRD PARTY,THIRD PARTY,GOOGLE,GOOGLE,GOOGLE
NON-PERSONAL DATA,NON-PERSONAL DATA,ACCOUNT SECURITY,SAFETY AND SECURITY,GOOGLE,GOOGLE,GOOGLE
NON-PERSONAL DATA,NON-PERSONAL DATA,ADVERTISING,ADVERTISING,GOOGLE,GOOGLE,GOOGLE
NON-PERSONAL DATA,NON-PERSONAL DATA,ANALYTICS,ANALYTICS,GOOGLE,GOOGLE,GOOGLE
NON-PERSONAL DATA,NON-PERSONAL DATA,COMPANY OPERATIONS,OPERATIONS,GOOGLE,GOOGLE,GOOGLE
NON-PERSONAL DATA,NON-PERSONAL DATA,IMPROVE PRODUCTS,ANALYTICS,GOOGLE,GOOGLE,GOOGLE
NON-PERSONAL DATA,NON-PERSONAL DATA,LEARN USERS' BEHAVIOR,ANALYTICS,GOOGLE,GOOGLE,GOOGLE
NON-PERSONAL DATA,NON-PERSONAL DATA,LEGAL COMPLIANCE,THIRD PARTY,GOOGLE,GOOGLE,GOOGLE
NON-PERSONAL DATA,NON-PERSONAL DATA,LOCATION-BASED SERVICES,OPERATIONS,GOOGLE,GOOGLE,GOOGLE
NON-PERSONAL DATA,NON-PERSONAL DATA,PERSONALIZE CONTENT,ANALYTICS,GOOGLE,GOOGLE,GOOGLE
NON-PERSONAL DATA,NON-PERSONAL DATA,PERSONALIZE PRODUCTS,ANALYTICS,GOOGLE,GOOGLE,GOOGLE
NON-PERSONAL DATA,NON-PERSONAL DATA,PRODUCT SAFETY,SAFETY AND SECURITY,GOOGLE,GOOGLE,GOOGLE
NON-PERSONAL DATA,NON-PERSONAL DATA,PROTECT COMPANY,SAFETY AND SECURITY,GOOGLE,GOOGLE,GOOGLE
NON-PERSONAL DATA,NON-PERSONAL DATA,PROVIDE SERVICES,OPERATIONS,GOOGLE,GOOGLE,GOOGLE
NON-PERSONAL DATA,NON-PERSONAL DATA,RESEARCH AND DEVELOPMENT,RESEARCH AND DEVELOPMENT,GOOGLE,GOOGLE,GOOGLE
NON-PERSONAL DATA,NON-PERSONAL DATA,SERVICES FOR EXTERNAL BUSINESSES,THIRD PARTY,GOOGLE,GOOGLE,GOOGLE
NON-PERSONAL DATA,NON-PERSONAL DATA,THIRD PARTY,THIRD PARTY,GOOGLE,GOOGLE,GOOGLE
PAYMENT CARD INFORMATION,PERSONAL DATA,ADVERTISING,ADVERTISING,,GOOGLE,
PAYMENT CARD INFORMATION,PERSONAL DATA,ANALYTICS,ANALYTICS,,GOOGLE,
PAYMENT CARD INFORMATION,PERSONAL DATA,IMPROVE PRODUCTS,ANALYTICS,,GOOGLE,
PAYMENT CARD INFORMATION,PERSONAL DATA,LEARN USERS' BEHAVIOR,ANALYTICS,,GOOGLE,
PAYMENT CARD INFORMATION,PERSONAL DATA,PERSONALIZE CONTENT,ANALYTICS,GOOGLE,GOOGLE,
PAYMENT CARD INFORMATION,PERSONAL DATA,PERSONALIZE PRODUCTS,ANALYTICS,GOOGLE,GOOGLE,
PAYMENT CARD INFORMATION,PERSONAL DATA,COMPANY OPERATIONS,OPERATIONS,GOOGLE,GOOGLE,
PAYMENT CARD INFORMATION,PERSONAL DATA,LOCATION-BASED SERVICES,OPERATIONS,GOOGLE,GOOGLE,
PAYMENT CARD INFORMATION,PERSONAL DATA,PROVIDE SERVICES,OPERATIONS,GOOGLE,GOOGLE,
PAYMENT CARD INFORMATION,PERSONAL DATA,RESEARCH AND DEVELOPMENT,RESEARCH AND DEVELOPMENT,GOOGLE,GOOGLE,
PAYMENT CARD INFORMATION,PERSONAL DATA,ACCOUNT SECURITY,SAFETY AND SECURITY,GOOGLE,GOOGLE,
PAYMENT CARD INFORMATION,PERSONAL DATA,PRODUCT SAFETY,SAFETY AND SECURITY,GOOGLE,GOOGLE,
PAYMENT CARD INFORMATION,PERSONAL DATA,PROTECT COMPANY,SAFETY AND SECURITY,GOOGLE,GOOGLE,
PAYMENT CARD INFORMATION,PERSONAL DATA,LEGAL COMPLIANCE,THIRD PARTY,GOOGLE,GOOGLE,
PAYMENT CARD INFORMATION,PERSONAL DATA,SERVICES FOR EXTERNAL BUSINESSES,THIRD PARTY,GOOGLE,GOOGLE,
PHOTOGRAPH FROM PROFILE,PERSONAL DATA,ADVERTISING,ADVERTISING,GOOGLE,GOOGLE,
PHOTOGRAPH FROM PROFILE,PERSONAL DATA,ANALYTICS,ANALYTICS,GOOGLE,GOOGLE,
PHOTOGRAPH FROM PROFILE,PERSONAL DATA,IMPROVE PRODUCTS,ANALYTICS,GOOGLE,GOOGLE,
PHOTOGRAPH FROM PROFILE,PERSONAL DATA,LEARN USERS' BEHAVIOR,ANALYTICS,GOOGLE,GOOGLE,
PHOTOGRAPH FROM PROFILE,PERSONAL DATA,PERSONALIZE CONTENT,ANALYTICS,GOOGLE,GOOGLE,
PHOTOGRAPH FROM PROFILE,PERSONAL DATA,PERSONALIZE PRODUCTS,ANALYTICS,GOOGLE,GOOGLE,
PHOTOGRAPH FROM PROFILE,PERSONAL DATA,COMPANY OPERATIONS,OPERATIONS,GOOGLE,GOOGLE,
PHOTOGRAPH FROM PROFILE,PERSONAL DATA,LOCATION-BASED SERVICES,OPERATIONS,GOOGLE,GOOGLE,
PHOTOGRAPH FROM PROFILE,PERSONAL DATA,PROVIDE SERVICES,OPERATIONS,GOOGLE,GOOGLE,
PHOTOGRAPH FROM PROFILE,PERSONAL DATA,RESEARCH AND DEVELOPMENT,RESEARCH AND DEVELOPMENT,GOOGLE,GOOGLE,
PHOTOGRAPH FROM PROFILE,PERSONAL DATA,ACCOUNT SECURITY,SAFETY AND SECURITY,GOOGLE,GOOGLE,
PHOTOGRAPH FROM PROFILE,PERSONAL DATA,PRODUCT SAFETY,SAFETY AND SECURITY,GOOGLE,GOOGLE,
PHOTOGRAPH FROM PROFILE,PERSONAL DATA,PROTECT COMPANY,SAFETY AND SECURITY,GOOGLE,GOOGLE,
PHOTOGRAPH FROM PROFILE,PERSONAL DATA,LEGAL COMPLIANCE,THIRD PARTY,GOOGLE,GOOGLE,
PHOTOGRAPH FROM PROFILE,PERSONAL DATA,SERVICES FOR EXTERNAL BUSINESSES,THIRD PARTY,GOOGLE,GOOGLE,
PHOTOGRAPH FROM PROFILE,PERSONAL DATA,THIRD PARTY,THIRD PARTY,GOOGLE,GOOGLE,
PHOTOS,PERSONAL DATA,ADVERTISING,ADVERTISING,,GOOGLE,
PHOTOS,PERSONAL DATA,ANALYTICS,ANALYTICS,GOOGLE,GOOGLE,
PHOTOS,PERSONAL DATA,IMPROVE PRODUCTS,ANALYTICS,GOOGLE,GOOGLE,
PHOTOS,PERSONAL DATA,LEARN USERS' BEHAVIOR,ANALYTICS,GOOGLE,GOOGLE,
PHOTOS,PERSONAL DATA,PERSONALIZE CONTENT,ANALYTICS,GOOGLE,GOOGLE,
PHOTOS,PERSONAL DATA,PERSONALIZE PRODUCTS,ANALYTICS,GOOGLE,GOOGLE,
PHOTOS,PERSONAL DATA,COMPANY OPERATIONS,OPERATIONS,GOOGLE,GOOGLE,
PHOTOS,PERSONAL DATA,LOCATION-BASED SERVICES,OPERATIONS,GOOGLE,GOOGLE,
PHOTOS,PERSONAL DATA,PROVIDE SERVICES,OPERATIONS,GOOGLE,GOOGLE,
PHOTOS,PERSONAL DATA,RESEARCH AND DEVELOPMENT,RESEARCH AND DEVELOPMENT,GOOGLE,GOOGLE,
PHOTOS,PERSONAL DATA,ACCOUNT SECURITY,SAFETY AND SECURITY,,GOOGLE,
PHOTOS,PERSONAL DATA,PRODUCT SAFETY,SAFETY AND SECURITY,GOOGLE,GOOGLE,
PHOTOS,PERSONAL DATA,PROTECT COMPANY,SAFETY AND SECURITY,GOOGLE,GOOGLE,
PHOTOS,PERSONAL DATA,LEGAL COMPLIANCE,THIRD PARTY,GOOGLE,GOOGLE,
PHOTOS,PERSONAL DATA,SERVICES FOR EXTERNAL BUSINESSES,THIRD PARTY,GOOGLE,GOOGLE,
PRODUCT USE,PRODUCT USE,ACCOUNT SECURITY,SAFETY AND SECURITY,GOOGLE,GOOGLE,GOOGLE
PRODUCT USE,PRODUCT USE,ADVERTISING,ADVERTISING,GOOGLE,GOOGLE,GOOGLE
PRODUCT USE,PRODUCT USE,ANALYTICS,ANALYTICS,GOOGLE,GOOGLE,GOOGLE
PRODUCT USE,PRODUCT USE,ANY PURPOSE,ANY PURPOSE,,GOOGLE,GOOGLE
PRODUCT USE,PRODUCT USE,COMPANY OPERATIONS,OPERATIONS,GOOGLE,GOOGLE,GOOGLE
PRODUCT USE,PRODUCT USE,IMPROVE PRODUCTS,ANALYTICS,GOOGLE,GOOGLE,GOOGLE
PRODUCT USE,PRODUCT USE,LEARN USERS' BEHAVIOR,ANALYTICS,GOOGLE,GOOGLE,GOOGLE
PRODUCT USE,PRODUCT USE,LEGAL COMPLIANCE,THIRD PARTY,GOOGLE,GOOGLE,GOOGLE
PRODUCT USE,PRODUCT USE,LOCATION-BASED SERVICES,OPERATIONS,GOOGLE,GOOGLE,GOOGLE
PRODUCT USE,PRODUCT USE,PERSONALIZE CONTENT,ANALYTICS,GOOGLE,GOOGLE,GOOGLE
PRODUCT USE,PRODUCT USE,PERSONALIZE PRODUCTS,ANALYTICS,GOOGLE,GOOGLE,GOOGLE
PRODUCT USE,PRODUCT USE,PRODUCT SAFETY,SAFETY AND SECURITY,GOOGLE,GOOGLE,GOOGLE
PRODUCT USE,PRODUCT USE,PROTECT COMPANY,SAFETY AND SECURITY,GOOGLE,GOOGLE,GOOGLE
PRODUCT USE,PRODUCT USE,PROVIDE SERVICES,OPERATIONS,GOOGLE,GOOGLE,GOOGLE
PRODUCT USE,PRODUCT USE,RESEARCH AND DEVELOPMENT,RESEARCH AND DEVELOPMENT,GOOGLE,GOOGLE,GOOGLE
PRODUCT USE,PRODUCT USE,SERVICES FOR EXTERNAL BUSINESSES,THIRD PARTY,GOOGLE,GOOGLE,GOOGLE
PRODUCT USE,PRODUCT USE,THIRD PARTY,THIRD PARTY,GOOGLE,GOOGLE,GOOGLE
PUBLIC DATA,NON-PERSONAL DATA,ACCOUNT SECURITY,SAFETY AND SECURITY,GOOGLE,GOOGLE,GOOGLE
PUBLIC DATA,NON-PERSONAL DATA,ADVERTISING,ADVERTISING,GOOGLE,GOOGLE,GOOGLE
PUBLIC DATA,NON-PERSONAL DATA,ANALYTICS,ANALYTICS,GOOGLE,GOOGLE,GOOGLE
PUBLIC DATA,NON-PERSONAL DATA,COMPANY OPERATIONS,OPERATIONS,GOOGLE,GOOGLE,GOOGLE
PUBLIC DATA,NON-PERSONAL DATA,IMPROVE PRODUCTS,ANALYTICS,GOOGLE,GOOGLE,GOOGLE
PUBLIC DATA,NON-PERSONAL DATA,LEARN USERS' BEHAVIOR,ANALYTICS,GOOGLE,GOOGLE,GOOGLE
PUBLIC DATA,NON-PERSONAL DATA,LEGAL COMPLIANCE,THIRD PARTY,GOOGLE,GOOGLE,GOOGLE
PUBLIC DATA,NON-PERSONAL DATA,LOCATION-BASED SERVICES,OPERATIONS,GOOGLE,GOOGLE,GOOGLE
PUBLIC DATA,NON-PERSONAL DATA,PERSONALIZE CONTENT,ANALYTICS,GOOGLE,GOOGLE,GOOGLE
PUBLIC DATA,NON-PERSONAL DATA,PERSONALIZE PRODUCTS,ANALYTICS,GOOGLE,GOOGLE,GOOGLE
PUBLIC DATA,NON-PERSONAL DATA,PRODUCT SAFETY,SAFETY AND SECURITY,GOOGLE,GOOGLE,GOOGLE
PUBLIC DATA,NON-PERSONAL DATA,PROTECT COMPANY,SAFETY AND SECURITY,GOOGLE,GOOGLE,GOOGLE
PUBLIC DATA,NON-PERSONAL DATA,PROVIDE SERVICES,OPERATIONS,GOOGLE,GOOGLE,GOOGLE
PUBLIC DATA,NON-PERSONAL DATA,RESEARCH AND DEVELOPMENT,RESEARCH AND DEVELOPMENT,GOOGLE,GOOGLE,GOOGLE
PUBLIC DATA,NON-PERSONAL DATA,SERVICES FOR EXTERNAL BUSINESSES,THIRD PARTY,GOOGLE,GOOGLE,GOOGLE
PUBLIC DATA,NON-PERSONAL DATA,THIRD PARTY,THIRD PARTY,GOOGLE,GOOGLE,GOOGLE
PURCHASE HISTORY,NON-PERSONAL DATA,ACCOUNT SECURITY,SAFETY AND SECURITY,GOOGLE,GOOGLE,
PURCHASE HISTORY,NON-PERSONAL DATA,ADVERTISING,ADVERTISING,,GOOGLE,
PURCHASE HISTORY,NON-PERSONAL DATA,ANALYTICS,ANALYTICS,GOOGLE,GOOGLE,
PURCHASE HISTORY,NON-PERSONAL DATA,COMPANY OPERATIONS,OPERATIONS,GOOGLE,GOOGLE,
PURCHASE HISTORY,NON-PERSONAL DATA,IMPROVE PRODUCTS,ANALYTICS,,GOOGLE,
PURCHASE HISTORY,NON-PERSONAL DATA,LEARN USERS' BEHAVIOR,ANALYTICS,GOOGLE,GOOGLE,
PURCHASE HISTORY,NON-PERSONAL DATA,LEGAL COMPLIANCE,THIRD PARTY,GOOGLE,GOOGLE,
PURCHASE HISTORY,NON-PERSONAL DATA,LOCATION-BASED SERVICES,OPERATIONS,GOOGLE,GOOGLE,
PURCHASE HISTORY,NON-PERSONAL DATA,PERSONALIZE CONTENT,ANALYTICS,GOOGLE,GOOGLE,
PURCHASE HISTORY,NON-PERSONAL DATA,PERSONALIZE PRODUCTS,ANALYTICS,GOOGLE,GOOGLE,
PURCHASE HISTORY,NON-PERSONAL DATA,PRODUCT SAFETY,SAFETY AND SECURITY,GOOGLE,GOOGLE,
PURCHASE HISTORY,NON-PERSONAL DATA,PROTECT COMPANY,SAFETY AND SECURITY,GOOGLE,GOOGLE,
PURCHASE HISTORY,NON-PERSONAL DATA,PROVIDE SERVICES,OPERATIONS,GOOGLE,GOOGLE,
PURCHASE HISTORY,NON-PERSONAL DATA,RESEARCH AND DEVELOPMENT,RESEARCH AND DEVELOPMENT,GOOGLE,GOOGLE,
PURCHASE HISTORY,NON-PERSONAL DATA,SERVICES FOR EXTERNAL BUSINESSES,THIRD PARTY,GOOGLE,GOOGLE,
PURCHASE HISTORY,NON-PERSONAL DATA,THIRD PARTY,THIRD PARTY,GOOGLE,GOOGLE,
SEARCHES,NON-PERSONAL DATA,ACCOUNT SECURITY,SAFETY AND SECURITY,GOOGLE,GOOGLE,GOOGLE
SEARCHES,NON-PERSONAL DATA,ADVERTISING,ADVERTISING,GOOGLE,GOOGLE,GOOGLE
SEARCHES,NON-PERSONAL DATA,ANALYTICS,ANALYTICS,GOOGLE,GOOGLE,GOOGLE
SEARCHES,NON-PERSONAL DATA,COMPANY OPERATIONS,OPERATIONS,GOOGLE,GOOGLE,GOOGLE
SEARCHES,NON-PERSONAL DATA,IMPROVE PRODUCTS,ANALYTICS,GOOGLE,GOOGLE,GOOGLE
SEARCHES,NON-PERSONAL DATA,LEARN USERS' BEHAVIOR,ANALYTICS,GOOGLE,GOOGLE,GOOGLE
SEARCHES,NON-PERSONAL DATA,LEGAL COMPLIANCE,THIRD PARTY,GOOGLE,GOOGLE,GOOGLE
SEARCHES,NON-PERSONAL DATA,LOCATION-BASED SERVICES,OPERATIONS,GOOGLE,GOOGLE,GOOGLE
SEARCHES,NON-PERSONAL DATA,PERSONALIZE CONTENT,ANALYTICS,GOOGLE,GOOGLE,GOOGLE
SEARCHES,NON-PERSONAL DATA,PERSONALIZE PRODUCTS,ANALYTICS,GOOGLE,GOOGLE,GOOGLE
SEARCHES,NON-PERSONAL DATA,PRODUCT SAFETY,SAFETY AND SECURITY,GOOGLE,GOOGLE,GOOGLE
SEARCHES,NON-PERSONAL DATA,PROTECT COMPANY,SAFETY AND SECURITY,GOOGLE,GOOGLE,GOOGLE
SEARCHES,NON-PERSONAL DATA,PROVIDE SERVICES,OPERATIONS,GOOGLE,GOOGLE,GOOGLE
SEARCHES,NON-PERSONAL DATA,RESEARCH AND DEVELOPMENT,RESEARCH AND DEVELOPMENT,GOOGLE,GOOGLE,GOOGLE
SEARCHES,NON-PERSONAL DATA,SERVICES FOR EXTERNAL BUSINESSES,THIRD PARTY,GOOGLE,GOOGLE,GOOGLE
SEARCHES,NON-PERSONAL DATA,THIRD PARTY,THIRD PARTY,GOOGLE,GOOGLE,GOOGLE
SERVICE PROVIDER INFORMATION,DEVICE SIGNALS,ACCOUNT SECURITY,SAFETY AND SECURITY,GOOGLE,GOOGLE,GOOGLE
SERVICE PROVIDER INFORMATION,DEVICE SIGNALS,ADVERTISING,ADVERTISING,GOOGLE,GOOGLE,GOOGLE
SERVICE PROVIDER INFORMATION,DEVICE SIGNALS,ANALYTICS,ANALYTICS,GOOGLE,GOOGLE,GOOGLE
SERVICE PROVIDER INFORMATION,DEVICE SIGNALS,COMPANY OPERATIONS,OPERATIONS,GOOGLE,GOOGLE,GOOGLE
SERVICE PROVIDER INFORMATION,DEVICE SIGNALS,IMPROVE PRODUCTS,ANALYTICS,GOOGLE,GOOGLE,GOOGLE
SERVICE PROVIDER INFORMATION,DEVICE SIGNALS,LEARN USERS' BEHAVIOR,ANALYTICS,GOOGLE,GOOGLE,GOOGLE
SERVICE PROVIDER INFORMATION,DEVICE SIGNALS,LEGAL COMPLIANCE,THIRD PARTY,GOOGLE,GOOGLE,GOOGLE
SERVICE PROVIDER INFORMATION,DEVICE SIGNALS,LOCATION-BASED SERVICES,OPERATIONS,GOOGLE,GOOGLE,GOOGLE
SERVICE PROVIDER INFORMATION,DEVICE SIGNALS,PERSONALIZE CONTENT,ANALYTICS,GOOGLE,GOOGLE,GOOGLE
SERVICE PROVIDER INFORMATION,DEVICE SIGNALS,PERSONALIZE PRODUCTS,ANALYTICS,GOOGLE,GOOGLE,GOOGLE
SERVICE PROVIDER INFORMATION,DEVICE SIGNALS,PRODUCT SAFETY,SAFETY AND SECURITY,GOOGLE,GOOGLE,GOOGLE
SERVICE PROVIDER INFORMATION,DEVICE SIGNALS,PROTECT COMPANY,SAFETY AND SECURITY,GOOGLE,GOOGLE,GOOGLE
SERVICE PROVIDER INFORMATION,DEVICE SIGNALS,PROVIDE SERVICES,OPERATIONS,GOOGLE,GOOGLE,GOOGLE
SERVICE PROVIDER INFORMATION,DEVICE SIGNALS,RESEARCH AND DEVELOPMENT,RESEARCH AND DEVELOPMENT,GOOGLE,GOOGLE,GOOGLE
SERVICE PROVIDER INFORMATION,DEVICE SIGNALS,SERVICES FOR EXTERNAL BUSINESSES,THIRD PARTY,GOOGLE,GOOGLE,GOOGLE
SERVICE PROVIDER INFORMATION,DEVICE SIGNALS,THIRD PARTY,THIRD PARTY,GOOGLE,GOOGLE,GOOGLE
SOCIAL SECURITY NUMBER,PERSONAL DATA,PERSONALIZE CONTENT,ANALYTICS,GOOGLE,,
SOCIAL SECURITY NUMBER,PERSONAL DATA,COMPANY OPERATIONS,OPERATIONS,GOOGLE,,
SOCIAL SECURITY NUMBER,PERSONAL DATA,PROVIDE SERVICES,OPERATIONS,GOOGLE,,
SOCIAL SECURITY NUMBER,PERSONAL DATA,RESEARCH AND DEVELOPMENT,RESEARCH AND DEVELOPMENT,GOOGLE,,
SOCIAL SECURITY NUMBER,PERSONAL DATA,ACCOUNT SECURITY,SAFETY AND SECURITY,GOOGLE,,
SOCIAL SECURITY NUMBER,PERSONAL DATA,PRODUCT SAFETY,SAFETY AND SECURITY,GOOGLE,,
SOCIAL SECURITY NUMBER,PERSONAL DATA,PROTECT COMPANY,SAFETY AND SECURITY,GOOGLE,,
SOCIAL SECURITY NUMBER,PERSONAL DATA,LEGAL COMPLIANCE,THIRD PARTY,GOOGLE,,
SOCIAL SECURITY NUMBER,PERSONAL DATA,SERVICES FOR EXTERNAL BUSINESSES,THIRD PARTY,GOOGLE,,
SOCIAL SECURITY NUMBER,PERSONAL DATA,THIRD PARTY,THIRD PARTY,GOOGLE,,
USE OF OTHER PLATFORMS,PRODUCT USE,ACCOUNT SECURITY,SAFETY AND SECURITY,GOOGLE,GOOGLE,
USE OF OTHER PLATFORMS,PRODUCT USE,ADVERTISING,ADVERTISING,GOOGLE,GOOGLE,
USE OF OTHER PLATFORMS,PRODUCT USE,ANALYTICS,ANALYTICS,GOOGLE,GOOGLE,
USE OF OTHER PLATFORMS,PRODUCT USE,COMPANY OPERATIONS,OPERATIONS,GOOGLE,GOOGLE,
USE OF OTHER PLATFORMS,PRODUCT USE,IMPROVE PRODUCTS,ANALYTICS,GOOGLE,GOOGLE,
USE OF OTHER PLATFORMS,PRODUCT USE,LEARN USERS' BEHAVIOR,ANALYTICS,GOOGLE,GOOGLE,
USE OF OTHER PLATFORMS,PRODUCT USE,LEGAL COMPLIANCE,THIRD PARTY,GOOGLE,GOOGLE,
USE OF OTHER PLATFORMS,PRODUCT USE,LOCATION-BASED SERVICES,OPERATIONS,GOOGLE,GOOGLE,
USE OF OTHER PLATFORMS,PRODUCT USE,PERSONALIZE CONTENT,ANALYTICS,GOOGLE,GOOGLE,
USE OF OTHER PLATFORMS,PRODUCT USE,PERSONALIZE PRODUCTS,ANALYTICS,GOOGLE,GOOGLE,
USE OF OTHER PLATFORMS,PRODUCT USE,PRODUCT SAFETY,SAFETY AND SECURITY,GOOGLE,GOOGLE,
USE OF OTHER PLATFORMS,PRODUCT USE,PROTECT COMPANY,SAFETY AND SECURITY,GOOGLE,GOOGLE,
USE OF OTHER PLATFORMS,PRODUCT USE,PROVIDE SERVICES,OPERATIONS,GOOGLE,GOOGLE,
USE OF OTHER PLATFORMS,PRODUCT USE,RESEARCH AND DEVELOPMENT,RESEARCH AND DEVELOPMENT,GOOGLE,GOOGLE,
USE OF OTHER PLATFORMS,PRODUCT USE,SERVICES FOR EXTERNAL BUSINESSES,THIRD PARTY,GOOGLE,GOOGLE,
USE OF OTHER PLATFORMS,PRODUCT USE,THIRD PARTY,THIRD PARTY,GOOGLE,GOOGLE,
USER'S CONTACT INFORMATION,PERSONAL DATA,ADVERTISING,ADVERTISING,GOOGLE,GOOGLE,GOOGLE
USER'S CONTACT INFORMATION,PERSONAL DATA,ANALYTICS,ANALYTICS,GOOGLE,GOOGLE,GOOGLE
USER'S CONTACT INFORMATION,PERSONAL DATA,IMPROVE PRODUCTS,ANALYTICS,GOOGLE,GOOGLE,GOOGLE
USER'S CONTACT INFORMATION,PERSONAL DATA,LEARN USERS' BEHAVIOR,ANALYTICS,GOOGLE,GOOGLE,GOOGLE
USER'S CONTACT INFORMATION,PERSONAL DATA,PERSONALIZE CONTENT,ANALYTICS,GOOGLE,GOOGLE,GOOGLE
USER'S CONTACT INFORMATION,PERSONAL DATA,PERSONALIZE PRODUCTS,ANALYTICS,GOOGLE,GOOGLE,GOOGLE
USER'S CONTACT INFORMATION,PERSONAL DATA,COMPANY OPERATIONS,OPERATIONS,GOOGLE,GOOGLE,GOOGLE
USER'S CONTACT INFORMATION,PERSONAL DATA,LOCATION-BASED SERVICES,OPERATIONS,GOOGLE,GOOGLE,GOOGLE
USER'S CONTACT INFORMATION,PERSONAL DATA,PROVIDE SERVICES,OPERATIONS,GOOGLE,GOOGLE,GOOGLE
USER'S CONTACT INFORMATION,PERSONAL DATA,RESEARCH AND DEVELOPMENT,RESEARCH AND DEVELOPMENT,GOOGLE,GOOGLE,GOOGLE
USER'S CONTACT INFORMATION,PERSONAL DATA,ACCOUNT SECURITY,SAFETY AND SECURITY,GOOGLE,GOOGLE,GOOGLE
USER'S CONTACT INFORMATION,PERSONAL DATA,PRODUCT SAFETY,SAFETY AND SECURITY,GOOGLE,GOOGLE,GOOGLE
USER'S CONTACT INFORMATION,PERSONAL DATA,PROTECT COMPANY,SAFETY AND SECURITY,GOOGLE,GOOGLE,GOOGLE
USER'S CONTACT INFORMATION,PERSONAL DATA,LEGAL COMPLIANCE,THIRD PARTY,GOOGLE,GOOGLE,GOOGLE
USER'S CONTACT INFORMATION,PERSONAL DATA,SERVICES FOR EXTERNAL BUSINESSES,THIRD PARTY,GOOGLE,GOOGLE,
USER'S CONTACT INFORMATION,PERSONAL DATA,THIRD PARTY,THIRD PARTY,GOOGLE,GOOGLE,
